"{""ObjectName"":""Action"",""Version"":""1.0"",""TimeZone"":""GMT"",""Pattern"":""""}"
id,name,objectId,label,type,objectAction,actionScript,description,flow,script,isGlobal,createdBy,createdDate,lastModifiedBy,lastModifiedDate,systemModifiedDate,deletedDate,isDeleted,owner,installedPackage,custom,protectMode
string,string,string,string,string,string,clob,string,string,string,bool,string,date,string,date,date,date,bool,string,string,bool,numeric
000a000000PeSg4CUfZI,SmartCampus__Operator__CSTInsert,cust000000PeSg3hYOOG,New,Object Action,Insert,,,,,false,00000000000000000001,2019-04-24 22:14:16,00000000000000000001,2019-04-24 22:14:16,NULL,NULL,false,00000000000000000001,003L000000i2tTJW3zeK,true,0
000a000000PeSg4CUfZJ,SmartCampus__Operator__CSTUpdate,cust000000PeSg3hYOOG,Edit,Object Action,Update,,,,,false,00000000000000000001,2019-04-24 22:14:16,00000000000000000001,2019-04-24 22:14:16,NULL,NULL,false,00000000000000000001,003L000000i2tTJW3zeK,true,0
000a000000PeSg4CUfZK,SmartCampus__Operator__CSTDelete,cust000000PeSg3hYOOG,Delete,Object Action,Delete,,,,,false,00000000000000000001,2019-04-24 22:14:16,00000000000000000001,2019-04-24 22:14:16,NULL,NULL,false,00000000000000000001,003L000000i2tTJW3zeK,true,0
000a000000PeSg4CUfZL,SmartCampus__Operator__CSTCancel,cust000000PeSg3hYOOG,Cancel,Object Action,Back,,,,,false,00000000000000000001,2019-04-24 22:14:16,00000000000000000001,2019-04-24 22:14:16,NULL,NULL,false,00000000000000000001,003L000000i2tTJW3zeK,true,0
000a000000PeSg4CUfZM,SmartCampus__Operator__CSTApproval,cust000000PeSg3hYOOG,Approval,Object Action,SubmitApproval,,,,,false,00000000000000000001,2019-04-24 22:14:16,00000000000000000001,2019-04-24 22:14:16,NULL,NULL,false,00000000000000000001,003L000000i2tTJW3zeK,true,0
000a000000QicDLE4Ccy,SmartCampus__OperatorOrganization__CSTInsert,cust000000QicDL67QzA,New,Object Action,Insert,,,,,false,00000000000000000001,2019-06-03 18:49:41,00000000000000000001,2019-06-03 18:49:41,NULL,NULL,false,00000000000000000001,003L000000i2tTJW3zeK,true,0
000a000000QicDLE4Ccz,SmartCampus__OperatorOrganization__CSTUpdate,cust000000QicDL67QzA,Edit,Object Action,Update,,,,,false,00000000000000000001,2019-06-03 18:49:41,00000000000000000001,2019-06-03 18:49:41,NULL,NULL,false,00000000000000000001,003L000000i2tTJW3zeK,true,0
000a000000QicDLE4Cd0,SmartCampus__OperatorOrganization__CSTDelete,cust000000QicDL67QzA,Delete,Object Action,Delete,,,,,false,00000000000000000001,2019-06-03 18:49:41,00000000000000000001,2019-06-03 18:49:41,NULL,NULL,false,00000000000000000001,003L000000i2tTJW3zeK,true,0
000a000000QicDLE4Cd1,SmartCampus__OperatorOrganization__CSTCancel,cust000000QicDL67QzA,Cancel,Object Action,Back,,,,,false,00000000000000000001,2019-06-03 18:49:41,00000000000000000001,2019-06-03 18:49:41,NULL,NULL,false,00000000000000000001,003L000000i2tTJW3zeK,true,0
000a000000QicDLE4Cd2,SmartCampus__OperatorOrganization__CSTApproval,cust000000QicDL67QzA,Approval,Object Action,SubmitApproval,,,,,false,00000000000000000001,2019-06-03 18:49:41,00000000000000000001,2019-06-03 18:49:41,NULL,NULL,false,00000000000000000001,003L000000i2tTJW3zeK,true,0
