"{""ObjectName"":""ApplicationTab"",""Version"":""1.0"",""TimeZone"":""GMT"",""Pattern"":""""}"
id,name,appId,sequenceNo,tabId,createdBy,createdDate,lastModifiedBy,lastModifiedDate,systemModifiedDate,deletedDate,isDeleted,owner,installedPackage,custom,protectMode
string,string,string,numeric,string,string,date,string,date,date,date,bool,string,string,bool,numeric
000g000000iwu511JyUq,NULL,000f000000iwu510kmEi,0,001g0000000000000000,10gd000000hdy26HBtdw,2021-04-15 02:54:03,10gd000000hdy26HBtdw,2021-04-15 02:54:03,NULL,NULL,false,10gd000000hdy26HBtdw,NULL,true,0
000g000000m5KSrO3Frc,NULL,000f000000iwu510kmEi,0,001g000000m5KSrIesOO,10gd000000hdy26HBtdw,2021-08-10 06:18:45,10gd000000hdy26HBtdw,2021-08-10 06:18:45,NULL,NULL,false,10gd000000hdy26HBtdw,NULL,true,0
