"{""ObjectName"":""ApplicationComponent"",""Version"":""1.0"",""TimeZone"":""GMT"",""Pattern"":""""}"
id,name,type,appId,parent,seqNo,createdBy,createdDate,lastModifiedBy,lastModifiedDate,systemModifiedDate,deletedDate,isDeleted,owner,installedPackage,custom,protectMode
string,string,string,string,string,numeric,string,date,string,date,date,date,bool,string,string,bool,numeric
003f000000iwu51ufkrQ,Logic,Folder,000f000000iwu510kmEi,NULL,1,10gd000000hdy26HBtdw,2021-04-15 02:54:03,10gd000000hdy26HBtdw,2021-04-15 02:54:03,NULL,NULL,false,10gd000000hdy26HBtdw,NULL,true,0
003f000000iwu51uxLzU,Model,Folder,000f000000iwu510kmEi,NULL,2,10gd000000hdy26HBtdw,2021-04-15 02:54:03,10gd000000hdy26HBtdw,2021-04-15 02:54:03,NULL,NULL,false,10gd000000hdy26HBtdw,NULL,true,0
003f000000iwu51vo9Ng,Page,Folder,000f000000iwu510kmEi,NULL,3,10gd000000hdy26HBtdw,2021-04-15 02:54:03,10gd000000hdy26HBtdw,2021-04-15 02:54:03,NULL,NULL,false,10gd000000hdy26HBtdw,NULL,true,0
003f000000iwuc8wUFlo,hm_bigScreen__hmoauthLogin,Flow,000f000000iwu510kmEi,003f000000iwvYdP7oNk,NULL,10gd000000hdy26HBtdw,2021-04-15 03:01:32,10gd000000hdy26HBtdw,2021-04-15 03:14:46,NULL,NULL,false,10gd000000hdy26HBtdw,NULL,true,0
003f000000iwuhPfMIoS,hm_bigScreen__hmauthorValidator,Script,000f000000iwu510kmEi,003f000000iwvVtq4FLk,NULL,10gd000000hdy26HBtdw,2021-04-15 03:02:43,10gd000000hdy26HBtdw,2021-04-15 03:14:34,NULL,NULL,false,10gd000000hdy26HBtdw,NULL,true,0
003f000000iwunCKNwie,hm_bigScreen__hmoauthLogin,Script,000f000000iwu510kmEi,003f000000iwvVtq4FLk,NULL,10gd000000hdy26HBtdw,2021-04-15 03:04:01,10gd000000hdy26HBtdw,2021-04-15 03:14:36,NULL,NULL,false,10gd000000hdy26HBtdw,NULL,true,0
003f000000iwv05vGpPs,hm_bigScreen__hmCmExecuteLoginFormula,Flow,000f000000iwu510kmEi,003f000000iwvYdP7oNk,NULL,10gd000000hdy26HBtdw,2021-04-15 03:06:56,10gd000000hdy26HBtdw,2021-04-15 03:14:48,NULL,NULL,false,10gd000000hdy26HBtdw,NULL,true,0
003f000000iwvC5kGO5g,hm_bigScreen__hmCmCheckMaxinum,Flow,000f000000iwu510kmEi,003f000000iwvYdP7oNk,NULL,10gd000000hdy26HBtdw,2021-04-15 03:09:38,10gd000000hdy26HBtdw,2021-04-15 03:14:47,NULL,NULL,false,10gd000000hdy26HBtdw,NULL,true,0
003f000000iwvG3lwZwe,hm_bigScreen__hm_cm_checkMaximumLogin,Script,000f000000iwu510kmEi,003f000000iwvVtq4FLk,NULL,10gd000000hdy26HBtdw,2021-04-15 03:10:32,10gd000000hdy26HBtdw,2021-04-15 03:14:36,NULL,NULL,false,10gd000000hdy26HBtdw,NULL,true,0
003f000000iwvLiBkeae,hm_bigScreen__hm_cm_getPortalUserId,Script,000f000000iwu510kmEi,003f000000iwvVtq4FLk,NULL,10gd000000hdy26HBtdw,2021-04-15 03:11:49,10gd000000hdy26HBtdw,2021-04-15 03:14:37,NULL,NULL,false,10gd000000hdy26HBtdw,NULL,true,0
003f000000iwvPlY7Wym,hm_bigScreen__hmrecordLogingLog,Script,000f000000iwu510kmEi,003f000000iwvVtq4FLk,NULL,10gd000000hdy26HBtdw,2021-04-15 03:12:44,10gd000000hdy26HBtdw,2021-04-15 03:14:33,NULL,NULL,false,10gd000000hdy26HBtdw,NULL,true,0
003f000000iwvT1M4DSa,flow,Folder,000f000000iwu510kmEi,003f000000iwu51ufkrQ,NULL,10gd000000hdy26HBtdw,2021-04-15 03:13:28,10gd000000hdy26HBtdw,2021-04-15 03:13:28,NULL,NULL,false,10gd000000hdy26HBtdw,NULL,true,0
003f000000iwvTU6wjRo,script,Folder,000f000000iwu510kmEi,003f000000iwu51ufkrQ,NULL,10gd000000hdy26HBtdw,2021-04-15 03:13:34,10gd000000hdy26HBtdw,2021-04-15 03:13:34,NULL,NULL,false,10gd000000hdy26HBtdw,NULL,true,0
003f000000iwvVtq4FLk,oss,Folder,000f000000iwu510kmEi,003f000000iwvTU6wjRo,NULL,10gd000000hdy26HBtdw,2021-04-15 03:14:07,10gd000000hdy26HBtdw,2021-04-15 03:14:29,NULL,NULL,false,10gd000000hdy26HBtdw,NULL,true,0
003f000000iwvYdP7oNk,oss,Folder,000f000000iwu510kmEi,003f000000iwvT1M4DSa,NULL,10gd000000hdy26HBtdw,2021-04-15 03:14:44,10gd000000hdy26HBtdw,2021-04-15 03:14:44,NULL,NULL,false,10gd000000hdy26HBtdw,NULL,true,0
003f000000iwzZs9npB2,5a5a4654-66ea-4bc1-9320-cae835e7282d,URLMap,000f000000iwu510kmEi,000f000000iwu510kmEi,NULL,10gd000000hdy26HBtdw,2021-04-15 04:10:59,10gd000000hdy26HBtdw,2021-04-15 04:10:59,NULL,NULL,false,10gd000000hdy26HBtdw,NULL,true,0
003f000000j3jnIdSB3A,testApi,Folder,000f000000iwu510kmEi,003f000000iwu51ufkrQ,NULL,10gd000000hdy26HBtdw,2021-04-19 05:43:21,10gd000000hdy26HBtdw,2021-04-19 05:43:21,NULL,NULL,false,10gd000000hdy26HBtdw,NULL,true,0
003f000000j3joK5eXrM,hm_bigScreen__testApi,Script,000f000000iwu510kmEi,003f000000j3jnIdSB3A,NULL,10gd000000hdy26HBtdw,2021-04-19 05:43:35,10gd000000hdy26HBtdw,2021-04-19 05:43:35,NULL,NULL,false,10gd000000hdy26HBtdw,NULL,true,0
003f000000j5YW258DCK,hm_bigScreen_HMSystemManagement_OauthLogin,ServicePermission,000f000000iwu510kmEi,,NULL,10gd000000hdy26HBtdw,2021-04-20 08:00:44,10gd000000hdy26HBtdw,2021-04-20 08:00:44,NULL,NULL,false,10gd000000hdy26HBtdw,NULL,true,0
003f000000lyZcx5tSt6,6bb946ee-23ed-4186-82b3-afdfb446afc0,URLMap,000f000000iwu510kmEi,000f000000iwu510kmEi,NULL,10gd000000hdy26HBtdw,2021-08-06 04:37:42,10gd000000hdy26HBtdw,2021-08-06 04:37:42,NULL,NULL,false,10gd000000hdy26HBtdw,NULL,true,0
