"{""ObjectName"":""Button"",""Version"":""1.0"",""TimeZone"":""GMT"",""Pattern"":""""}"
id,name,objectId,label,type,properties,actionId,description,source,actionScript,createdBy,createdDate,lastModifiedBy,lastModifiedDate,systemModifiedDate,deletedDate,isDeleted,owner,installedPackage,custom,protectMode
string,string,string,string,string,clob,string,string,string,clob,string,date,string,date,date,date,bool,string,string,bool,numeric
000q000000PeSg4F33js,SmartCampus__Operator__CSTNew,cust000000PeSg3hYOOG,New,Button,New,,,,,00000000000000000001,2019-04-24 22:14:16,00000000000000000001,2019-04-24 22:14:16,NULL,NULL,false,00000000000000000001,003L000000i2tTJW3zeK,true,0
000q000000PeSg4F33jt,SmartCampus__Operator__CSTDelete,cust000000PeSg3hYOOG,Delete,Button,Delete,000a000000PeSg4CUfZK,,,,00000000000000000001,2019-04-24 22:14:16,00000000000000000001,2019-04-24 22:14:16,NULL,NULL,false,00000000000000000001,003L000000i2tTJW3zeK,true,0
000q000000PeSg4F33ju,SmartCampus__Operator__CSTEdit,cust000000PeSg3hYOOG,Edit,Button,Edit,,,,,00000000000000000001,2019-04-24 22:14:16,00000000000000000001,2019-04-24 22:14:16,NULL,NULL,false,00000000000000000001,003L000000i2tTJW3zeK,true,0
000q000000PeSg4F33jv,SmartCampus__Operator__CSTCancel,cust000000PeSg3hYOOG,Cancel,Button,Cancel,000a000000PeSg4CUfZL,,,,00000000000000000001,2019-04-24 22:14:16,00000000000000000001,2019-04-24 22:14:16,NULL,NULL,false,00000000000000000001,003L000000i2tTJW3zeK,true,0
000q000000PeSg4F33jw,SmartCampus__Operator__CSTInsert,cust000000PeSg3hYOOG,Save,Button,Insert,000a000000PeSg4CUfZI,,,,00000000000000000001,2019-04-24 22:14:16,00000000000000000001,2019-04-24 22:14:16,NULL,NULL,false,00000000000000000001,003L000000i2tTJW3zeK,true,0
000q000000PeSg4F33jx,SmartCampus__Operator__CSTUpdate,cust000000PeSg3hYOOG,Save,Button,Update,000a000000PeSg4CUfZJ,,,,00000000000000000001,2019-04-24 22:14:16,00000000000000000001,2019-04-24 22:14:16,NULL,NULL,false,00000000000000000001,003L000000i2tTJW3zeK,true,0
000q000000PeSg4F33jy,SmartCampus__Operator__CSTApproval,cust000000PeSg3hYOOG,Submit,Button,SubmitApproval,000a000000PeSg4CUfZM,,,,00000000000000000001,2019-04-24 22:14:16,00000000000000000001,2019-04-24 22:14:16,NULL,NULL,false,00000000000000000001,003L000000i2tTJW3zeK,true,0
000q000000QicDLGuBvc,SmartCampus__OperatorOrganization__CSTNew,cust000000QicDL67QzA,New,Button,New,,,,,00000000000000000001,2019-06-03 18:49:41,00000000000000000001,2019-06-03 18:49:41,NULL,NULL,false,00000000000000000001,003L000000i2tTJW3zeK,true,0
000q000000QicDLGuBvd,SmartCampus__OperatorOrganization__CSTDelete,cust000000QicDL67QzA,Delete,Button,Delete,000a000000QicDLE4Cd0,,,,00000000000000000001,2019-06-03 18:49:41,00000000000000000001,2019-06-03 18:49:41,NULL,NULL,false,00000000000000000001,003L000000i2tTJW3zeK,true,0
000q000000QicDLGuBve,SmartCampus__OperatorOrganization__CSTEdit,cust000000QicDL67QzA,Edit,Button,Edit,,,,,00000000000000000001,2019-06-03 18:49:41,00000000000000000001,2019-06-03 18:49:41,NULL,NULL,false,00000000000000000001,003L000000i2tTJW3zeK,true,0
000q000000QicDLGuBvf,SmartCampus__OperatorOrganization__CSTCancel,cust000000QicDL67QzA,Cancel,Button,Cancel,000a000000QicDLE4Cd1,,,,00000000000000000001,2019-06-03 18:49:41,00000000000000000001,2019-06-03 18:49:41,NULL,NULL,false,00000000000000000001,003L000000i2tTJW3zeK,true,0
000q000000QicDLGuBvg,SmartCampus__OperatorOrganization__CSTInsert,cust000000QicDL67QzA,Save,Button,Insert,000a000000QicDLE4Ccy,,,,00000000000000000001,2019-06-03 18:49:41,00000000000000000001,2019-06-03 18:49:41,NULL,NULL,false,00000000000000000001,003L000000i2tTJW3zeK,true,0
000q000000QicDLGuBvh,SmartCampus__OperatorOrganization__CSTUpdate,cust000000QicDL67QzA,Save,Button,Update,000a000000QicDLE4Ccz,,,,00000000000000000001,2019-06-03 18:49:41,00000000000000000001,2019-06-03 18:49:41,NULL,NULL,false,00000000000000000001,003L000000i2tTJW3zeK,true,0
000q000000QicDLGuBvi,SmartCampus__OperatorOrganization__CSTApproval,cust000000QicDL67QzA,Submit,Button,SubmitApproval,000a000000QicDLE4Cd2,,,,00000000000000000001,2019-06-03 18:49:41,00000000000000000001,2019-06-03 18:49:41,NULL,NULL,false,00000000000000000001,003L000000i2tTJW3zeK,true,0
