"{""ObjectName"":""FlowSchemaStruct"",""Version"":""1.0"",""TimeZone"":""GMT"",""Pattern"":""""}"
id,name,content,flowName,flowVersion,createdBy,createdDate,lastModifiedBy,lastModifiedDate,systemModifiedDate,deletedDate,isDeleted,owner,installedPackage,custom,protectMode
string,string,clob,string,string,string,date,string,date,date,date,bool,string,string,bool,numeric
003s000000iwwAkKeVJg,User,"
{
	""uid"": ""xiaoming"",
	""phoneNumber"": ""13911111111"",
	""userStatus"": ""xiaoming"",
	""nickName"": ""13911111111"",
	""sex"": ""xiaoming"",
	""userType"": ""13911111111"",
	""userName"": ""xiaoming"",
	""delFlag"": ""13911111111"",
	""email"":""zan@huawei.com""
}

",hm_bigScreen__hmoauthLogin,1.0.1,10gd000000hdy26HBtdw,2021-04-15 03:23:20,10gd000000hdy26HBtdw,2021-08-06 05:47:10,NULL,NULL,false,10gd000000hdy26HBtdw,NULL,true,0
