"{""ObjectName"":""Layout"",""Version"":""1.0"",""TimeZone"":""GMT"",""Pattern"":""""}"
id,name,objectId,label,type,content,description,createdBy,createdDate,lastModifiedBy,lastModifiedDate,systemModifiedDate,deletedDate,isDeleted,owner,installedPackage,custom,protectMode
string,string,string,string,string,clob,string,string,date,string,date,date,date,bool,string,string,bool,numeric
000D000000PeSg4JJ2gq,Operator Detail,cust000000PeSg3hYOOG,Operator Detail,ObjectDetailLayout,"{""name"":"""",""type"":"""",""view"":{""name"":""__layout__SmartCampus__Operator__CST__detail"",""fields"":[""name"",""SmartCampus__IdentityId__CST"",""SmartCampus__EmployeeNo__CST"",""SmartCampus__IAMId__CST"",""SmartCampus__AccountOrigin__CST"",""SmartCampus__PhoneIsCertified__CST"",""SmartCampus__EmailIsCertified__CST"",""hm_bigScreen__SourceId__CST""]}}",Object detail layout,00000000000000000001,2019-04-24 22:14:16,10gd000000hdy26HBtdw,2021-03-24 08:49:03,NULL,NULL,false,00000000000000000001,003L000000i2tTJW3zeK,true,0
000D000000PeSg4JJ2gr,Operator Records,cust000000PeSg3hYOOG,Operator Records,ObjectRecordsLayout,"{""name"":"""",""type"":"""",""view"":{""name"":""__layout__SmartCampus__Operator__CST__records"",""fields"":[""name""]}}",Object records layout,00000000000000000001,2019-04-24 22:14:16,00000000000000000001,2019-04-24 22:14:16,NULL,NULL,false,00000000000000000001,003L000000i2tTJW3zeK,true,0
000D000000QicDLLAAsa,OperatorOrganization Detail,cust000000QicDL67QzA,OperatorOrganization Detail,ObjectDetailLayout,"{""name"":"""",""type"":"""",""view"":{""name"":""__layout__SmartCampus__OperatorOrganization__CST__detail"",""fields"":[""name"",""SmartCampus__Organization__CST"",""SmartCampus__Job__CST"",""SmartCampus__ToTime__CST"",""SmartCampus__Status__CST"",""SmartCampus__Operator__CST""]}}",Object detail layout,00000000000000000001,2019-06-03 18:49:41,00000000000000000001,2019-06-03 18:56:52,NULL,NULL,false,00000000000000000001,003L000000i2tTJW3zeK,true,0
000D000000QicDLLAAsb,OperatorOrganization Records,cust000000QicDL67QzA,OperatorOrganization Records,ObjectRecordsLayout,"{""name"":"""",""type"":"""",""view"":{""name"":""__layout__SmartCampus__OperatorOrganization__CST__records"",""fields"":[""name""]}}",Object records layout,00000000000000000001,2019-06-03 18:49:41,00000000000000000001,2019-06-03 18:49:41,NULL,NULL,false,00000000000000000001,003L000000i2tTJW3zeK,true,0
