"{""ObjectName"":""PageAction"",""Version"":""1.0"",""TimeZone"":""GMT"",""Pattern"":""""}"
id,name,description,url,version,parent,pageNo,createdBy,createdDate,lastModifiedBy,lastModifiedDate,systemModifiedDate,deletedDate,isDeleted,owner,installedPackage,custom,protectMode
string,string,clob,string,string,string,string,string,date,string,date,date,date,bool,string,string,bool,numeric
001T000000iyWOWj9iW8,HuamaoLogin,华贸登录界面,/magno/render/hm_bigScreen__HMSystemManagement_0000000000hdy26HBtdx/HuamaoLogin,202108101417,001S000000iwu509fmue,7,10gd000000hdy26HBtdw,2021-04-16 02:17:49,10gd000000hdy26HBtdw,2021-08-10 06:18:02,NULL,NULL,false,10gd000000hdy26HBtdw,NULL,true,0
001T000000iyWOWl8uQa,ForgetPassword,,/magno/render/hm_bigScreen__HMSystemManagement_0000000000hdy26HBtdx/ForgetPassword,202108101417,001S000000iwu509fmue,1,10gd000000hdy26HBtdw,2021-04-16 02:17:49,10gd000000hdy26HBtdw,2021-08-10 06:18:02,NULL,NULL,false,10gd000000hdy26HBtdw,NULL,true,0
001T000000iyWOWmqVCy,PrivacyStatementConfig,,/magno/render/hm_bigScreen__HMSystemManagement_0000000000hdy26HBtdx/PrivacyStatementConfig,202108101417,001S000000iwu509fmue,2,10gd000000hdy26HBtdw,2021-04-16 02:17:49,10gd000000hdy26HBtdw,2021-08-10 06:18:02,NULL,NULL,false,10gd000000hdy26HBtdw,NULL,true,0
001T000000iyWOWp7IFU,Login,,/magno/render/hm_bigScreen__HMSystemManagement_0000000000hdy26HBtdx/Login,202108101417,001S000000iwu509fmue,3,10gd000000hdy26HBtdw,2021-04-16 02:17:49,10gd000000hdy26HBtdw,2021-08-10 06:18:02,NULL,NULL,false,10gd000000hdy26HBtdw,NULL,true,0
001T000000iyWOWr6U9w,PrivacyStatement,,/magno/render/hm_bigScreen__HMSystemManagement_0000000000hdy26HBtdx/PrivacyStatement,202108101417,001S000000iwu509fmue,4,10gd000000hdy26HBtdw,2021-04-16 02:17:49,10gd000000hdy26HBtdw,2021-08-10 06:18:02,NULL,NULL,false,10gd000000hdy26HBtdw,NULL,true,0
001T000000iyWOWtNHCS,PrivacyStatementMobile,,/magno/render/hm_bigScreen__HMSystemManagement_0000000000hdy26HBtdx/PrivacyStatementMobile,202108101417,001S000000iwu509fmue,5,10gd000000hdy26HBtdw,2021-04-16 02:17:49,10gd000000hdy26HBtdw,2021-08-10 06:18:02,NULL,NULL,false,10gd000000hdy26HBtdw,NULL,true,0
001T000000iyWOWvMT6u,PrivacyStatementEn,,/magno/render/hm_bigScreen__HMSystemManagement_0000000000hdy26HBtdx/PrivacyStatementEn,202108101417,001S000000iwu509fmue,6,10gd000000hdy26HBtdw,2021-04-16 02:17:49,10gd000000hdy26HBtdw,2021-08-10 06:18:02,NULL,NULL,false,10gd000000hdy26HBtdw,NULL,true,0
