"{""ObjectName"":""ServicePermissionCustomAPI"",""Version"":""1.0"",""TimeZone"":""GMT"",""Pattern"":""""}"
id,name,permission,url,method,createdBy,createdDate,lastModifiedBy,lastModifiedDate,systemModifiedDate,deletedDate,isDeleted,owner,installedPackage,custom,protectMode
string,string,string,string,string,string,date,string,date,date,date,bool,string,string,bool,numeric
0035000000j5YXzcr4N6,NULL,hm_bigScreen_HMSystemManagement_OauthLogin,/service/hm_bigScreen__HMSystemManagement/1.0.0/oauthLogin,POST,10gd000000hdy26HBtdw,2021-04-20 08:01:11,10gd000000hdy26HBtdw,2021-04-20 08:01:11,NULL,NULL,false,10gd000000hdy26HBtdw,NULL,true,0
0035000000lyZdQ6x7I0,NULL,hm_bigScreen_HMSystemManagement_OauthLogin,/service/hm_bigScreen__HMSystemManagement/1.0.0/appLogin,GET,10gd000000hdy26HBtdw,2021-08-06 04:37:48,10gd000000hdy26HBtdw,2021-08-06 04:37:48,NULL,NULL,false,10gd000000hdy26HBtdw,NULL,true,0
