"{""ObjectName"":""URLMap"",""Version"":""1.0"",""TimeZone"":""GMT"",""Pattern"":""""}"
id,name,url,method,type,description,label,version,operationName,apiType,apiName,customResponse,extOperation,requestContentType,deprecated,createdBy,createdDate,lastModifiedBy,lastModifiedDate,systemModifiedDate,deletedDate,isDeleted,owner,installedPackage,custom,protectMode
string,string,string,string,string,string,string,string,string,string,string,bool,string,string,bool,string,date,string,date,date,date,bool,string,string,bool,numeric
003x000000iwzZr6ngOG,hm_bigScreen__hmoauthLogin,/service/hm_bigScreen__HMSystemManagement/1.0.0/oauthLogin,POST,flow,NULL,NULL,1.0.0,hmOauthLogin,REST,5a5a4654-66ea-4bc1-9320-cae835e7282d,false,NULL,application/json,false,10gd000000hdy26HBtdw,2021-04-15 04:10:59,10gd000000hdy26HBtdw,2021-04-15 04:10:59,NULL,NULL,false,10gd000000hdy26HBtdw,NULL,true,0
003x000000lyZcw2K9ho,hm_bigScreen__hmoauthLogin,/service/hm_bigScreen__HMSystemManagement/1.0.0/appLogin,GET,flow,NULL,NULL,1.0.0,appLogin,REST,6bb946ee-23ed-4186-82b3-afdfb446afc0,false,NULL,application/json,false,10gd000000hdy26HBtdw,2021-08-06 04:37:42,10gd000000hdy26HBtdw,2021-08-06 04:37:42,NULL,NULL,false,10gd000000hdy26HBtdw,NULL,true,0
