"{""ObjectName"":""ViewEvent"",""Version"":""1.0"",""TimeZone"":""GMT"",""Pattern"":""""}"
id,name,view,action,createdBy,createdDate,lastModifiedBy,lastModifiedDate,systemModifiedDate,deletedDate,isDeleted,owner,installedPackage,custom,protectMode
string,string,string,clob,string,date,string,date,date,date,bool,string,string,bool,numeric
003h000000YmxbRnvSj2,button_0_click,003g000000PeSfybcqcS,"[{""type"":""$core.execJSCode"",""options"":{""content"":""// 当前组件\r\nlet _component = context.getCurrentComponent()\r\n\r\n// 当前Form\r\nlet  _form = _component.getForm()\r\n\r\n_form.formSave()\r\n""}}]",00000000000000000001,2020-03-31 13:51:48,00000000000000000001,2020-03-31 13:51:48,NULL,NULL,false,00000000000000000001,003L000000i2tTJW3zeK,true,0
003h000000YmxbRnvSj3,button_1_click,003g000000PeSfybcqcS,"[{""type"":""$core.execJSCode"",""options"":{""content"":""// 当前组件\r\nlet _component = context.getCurrentComponent()\r\n\r\n// 当前Form\r\nlet  _form = _component.getForm()\r\n\r\n_form.resetFields()\r\n""}}]",00000000000000000001,2020-03-31 13:51:48,00000000000000000001,2020-03-31 13:51:48,NULL,NULL,false,00000000000000000001,003L000000i2tTJW3zeK,true,0
003h000000YmxrOcjSzI,button_24_click,003g000000PeSg2JpX6m,"[{""type"":""$core.execJSCode"",""options"":{""content"":""// 当前组件\r\nlet table = context.$page.getComponentByName(\""Records\"");\r\n\r\n$model.ref(\""Detail\"").save().then(data=>{\r\n    // 成功消息\r\n    if(data.resCode == 0){\r\n        context.$message.success('Save Successfully.');\r\n        table.doQuery();\r\n        // 清空表单\r\n        $model.ref(\""Detail\"").setData({});\r\n    }\r\n    else {\r\n        context.$message.error('Save Failed:' + data.resMsg, 5)\r\n    }\r\n}).catch(e=>{\r\n    // 失败消息\r\n    context.$message.error('Save Failed:' + e, 5)\r\n});""}}]",00000000000000000001,2020-03-31 13:55:24,00000000000000000001,2020-03-31 13:55:24,NULL,NULL,false,00000000000000000001,003L000000i2tTJW3zeK,true,0
003h000000YmxrOcjSzJ,modal_1_on-ok,003g000000PeSg2JpX6m,"[{""type"":""$core.execJSCode"",""options"":{""content"":"" context.$approval($model.ref(\""recordId\"").getData(),$model.ref(\""approvalUser\"").getData()).then(res=>{\r\n    if(res.resCode == 0) {\r\n        context.$message.success('Save Successfully.');\r\n    }\r\n    else if(res.resCode == \""405230808\"") {\r\n        $model.ref(\""showUserModal\"").setData(true);\r\n    }\r\n    else{\r\n        context.$message.error('Submit Approval Failed:' + res.resMsg, 5)\r\n    }\r\n})""}}]",00000000000000000001,2020-03-31 13:55:24,00000000000000000001,2020-03-31 13:55:24,NULL,NULL,false,00000000000000000001,003L000000i2tTJW3zeK,true,0
003h000000YmxrOcjSzK,button_23_click,003g000000PeSg2JpX6m,"[{""type"":""$core.execJSCode"",""options"":{""content"":""// 当前组件\r\nlet table = context.$page.getComponentByName(\""Records\"");\r\n\r\n$model.ref(\""Detail\"").save().then(data=>{\r\n    // 成功消息\r\n    if(data.resCode == 0){\r\n        table.doQuery();\r\n        // 关闭弹框\r\n        $model.ref(\""showModal\"").setData(false);\r\n        // 提交审批\r\n        context.$approval(data.result[0].id).then(res=>{\r\n            if(res.resCode == 0) {\r\n                context.$message.success('Save Successfully.');\r\n            }\r\n            else if(res.resCode == \""405230808\"") {\r\n               $model.ref(\""showUserModal\"").setData(true);\r\n               $model.ref(\""recordId\"").setData(data.result[0].id);\r\n            }\r\n            else{\r\n                context.$message.error('Submit Approval Failed:' + res.resMsg, 5)\r\n            }\r\n        })\r\n    }\r\n    else {\r\n        context.$message.error('Save Failed:' + data.resMsg, 5)\r\n    }\r\n}).catch(e=>{\r\n    // 失败消息\r\n    context.$message.error('Save Failed:' + e, 5)\r\n});\r\n""}}]",00000000000000000001,2020-03-31 13:55:24,00000000000000000001,2020-03-31 13:55:24,NULL,NULL,false,00000000000000000001,003L000000i2tTJW3zeK,true,0
003h000000YmxrOcjSzL,button_16_click,003g000000PeSg2JpX6m,"[{""type"":""$core.execJSCode"",""options"":{""content"":""// 当前组件\r\nlet _component = context.getCurrentComponent()\r\n\r\n// 当前Form\r\nlet  _form = _component.getForm()\r\n\r\n_form.resetFields()\r\n""}}]",00000000000000000001,2020-03-31 13:55:24,00000000000000000001,2020-03-31 13:55:24,NULL,NULL,false,00000000000000000001,003L000000i2tTJW3zeK,true,0
003h000000YmxrOcjSzM,button_0_click,003g000000PeSg2JpX6m,"[{""type"":""$core.execJSCode"",""options"":{""content"":""$model.ref(\""Detail\"").setData({});\r\n\r\n// 展示新增按钮\r\n$model.ref(\""hideSaveNewBtn\"").setData(false);\r\n\r\n// 判断是否显示审批提交按钮\r\ncontext.$object(\""Detail\"").then(objectMeta =>{\r\n    if(objectMeta && objectMeta.aprovalProcesses &&  objectMeta.aprovalProcesses.length > 0) {\r\n        $model.ref(\""hideApprovalBtn\"").setData(false);\r\n    }\r\n    else {\r\n        $model.ref(\""hideApprovalBtn\"").setData(true);\r\n    }\r\n    \r\n    // 显示新增弹框\r\n    $model.ref(\""showModal\"").setData(true);\r\n});""}}]",00000000000000000001,2020-03-31 13:55:24,00000000000000000001,2020-03-31 13:55:24,NULL,NULL,false,00000000000000000001,003L000000i2tTJW3zeK,true,0
003h000000YmxrOcjSzN,modal_0_on-ok,003g000000PeSg2JpX6m,"[{""type"":""$core.execJSCode"",""options"":{""content"":""// 当前组件\r\nlet table = context.$page.getComponentByName(\""Records\"");\r\n\r\n// 根据组件名称获取组件\r\nlet form = this.$component.get(\""Detail\"");\r\n\r\n// 获取组件的绑定模型，调用save action保存数据\r\nform.getDataModel().save().then(data=>{\r\n    // 成功消息\r\n    if(data.resCode == 0){\r\n        context.$message.success('Save Successfully.');\r\n        // 刷新表格\r\n        table.doQuery();\r\n    }\r\n    else {\r\n        context.$message.error('Save Failed:' + data.resMsg, 5)\r\n    }\r\n}).catch(e=>{\r\n    // 失败消息\r\n    context.$message.error('Save Failed:' + e, 5)\r\n});\r\n\r\n""}}]",00000000000000000001,2020-03-31 13:55:24,00000000000000000001,2020-03-31 13:55:24,NULL,NULL,false,00000000000000000001,003L000000i2tTJW3zeK,true,0
003h000000YmxrOcjSzO,button_15_click,003g000000PeSg2JpX6m,"[{""type"":""$core.execJSCode"",""options"":{""content"":""// 当前组件\r\nlet _component = context.getCurrentComponent()\r\n\r\n// 当前Form\r\nlet  _form = _component.getForm()\r\n\r\n_form.formSave()\r\n""}}]",00000000000000000001,2020-03-31 13:55:24,00000000000000000001,2020-03-31 13:55:24,NULL,NULL,false,00000000000000000001,003L000000i2tTJW3zeK,true,0
003h000000YmxrOcjSzP,button_22_click,003g000000PeSg2JpX6m,"[{""type"":""$core.execJSCode"",""options"":{""content"":""// 当前组件\r\nlet table = context.$page.getComponentByName(\""Records\"");\r\n\r\n$model.ref(\""Detail\"").save().then(data=>{\r\n    // 成功消息\r\n    if(data.resCode == 0){\r\n        context.$message.success('Save Successfully.');\r\n        table.doQuery();\r\n        // 关闭弹框\r\n        $model.ref(\""showModal\"").setData(false);\r\n    }\r\n    else {\r\n        context.$message.error('Save Failed:' + data.resMsg, 5)\r\n    }\r\n}).catch(e=>{\r\n    // 失败消息\r\n    context.$message.error('Save Failed:' + e, 5)\r\n});""}}]",00000000000000000001,2020-03-31 13:55:24,00000000000000000001,2020-03-31 13:55:24,NULL,NULL,false,00000000000000000001,003L000000i2tTJW3zeK,true,0
003h000000YmxrOcjSzQ,button_21_click,003g000000PeSg2JpX6m,"[{""type"":""$core.execJSCode"",""options"":{""content"":""$model.ref(\""showModal\"").setData(false);""}}]",00000000000000000001,2020-03-31 13:55:24,00000000000000000001,2020-03-31 13:55:24,NULL,NULL,false,00000000000000000001,003L000000i2tTJW3zeK,true,0
003h000000QicjDGtnt2,button_1_click,003g000000QicDO3Chsm,"[{""type"":""$core.execJSCode"",""options"":{""content"":""// 当前组件\r\nlet _component = context.getCurrentComponent()\r\n\r\n// 当前Form\r\nlet  _form = _component.getForm()\r\n\r\n_form.resetFields()\r\n""}}]",00000000000000000001,2019-06-03 18:56:53,00000000000000000001,2019-06-03 18:56:53,NULL,NULL,false,00000000000000000001,003L000000i2tTJW3zeK,true,0
003h000000QicjDGtnt3,button_0_click,003g000000QicDO3Chsm,"[{""type"":""$core.execJSCode"",""options"":{""content"":""// 当前组件\r\nlet _component = context.getCurrentComponent()\r\n\r\n// 当前Form\r\nlet  _form = _component.getForm()\r\n\r\n_form.formSave()\r\n""}}]",00000000000000000001,2019-06-03 18:56:53,00000000000000000001,2019-06-03 18:56:53,NULL,NULL,false,00000000000000000001,003L000000i2tTJW3zeK,true,0
003h000000T8HkrK28Q4,button_21_click,003g000000QicDRRp4Oe,"[{""type"":""$core.execJSCode"",""options"":{""content"":""$model.ref(\""showModal\"").setData(false);""}}]",00000000000000000001,2019-09-02 07:04:14,00000000000000000001,2019-09-02 07:04:14,NULL,NULL,false,00000000000000000001,003L000000i2tTJW3zeK,true,0
003h000000T8HkrK28Q5,button_15_click,003g000000QicDRRp4Oe,"[{""type"":""$core.execJSCode"",""options"":{""content"":""// 当前组件\r\nlet _component = context.getCurrentComponent()\r\n\r\n// 当前Form\r\nlet  _form = _component.getForm()\r\n\r\n_form.formSave()\r\n""}}]",00000000000000000001,2019-09-02 07:04:14,00000000000000000001,2019-09-02 07:04:14,NULL,NULL,false,00000000000000000001,003L000000i2tTJW3zeK,true,0
003h000000T8HkrK28Q6,button_24_click,003g000000QicDRRp4Oe,"[{""type"":""$core.execJSCode"",""options"":{""content"":""// 当前组件\r\nlet table = context.$page.getComponentByName(\""Records\"");\r\n\r\n$model.ref(\""Detail\"").save().then(data=>{\r\n    // 成功消息\r\n    if(data.resCode == 0){\r\n        context.$message.success('Save Successfully.');\r\n        table.doQuery();\r\n        // 清空表单\r\n        $model.ref(\""Detail\"").setData({});\r\n    }\r\n    else {\r\n        context.$message.error('Save Failed:' + data.resMsg, 5)\r\n    }\r\n}).catch(e=>{\r\n    // 失败消息\r\n    context.$message.error('Save Failed:' + e, 5)\r\n});""}}]",00000000000000000001,2019-09-02 07:04:14,00000000000000000001,2019-09-02 07:04:14,NULL,NULL,false,00000000000000000001,003L000000i2tTJW3zeK,true,0
003h000000T8HkrK28Q7,button_23_click,003g000000QicDRRp4Oe,"[{""type"":""$core.execJSCode"",""options"":{""content"":""// 当前组件\r\nlet table = context.$page.getComponentByName(\""Records\"");\r\n\r\n$model.ref(\""Detail\"").save().then(data=>{\r\n    // 成功消息\r\n    if(data.resCode == 0){\r\n        table.doQuery();\r\n        // 关闭弹框\r\n        $model.ref(\""showModal\"").setData(false);\r\n        // 提交审批\r\n        context.$approval(data.result[0].id).then(res=>{\r\n            if(res.resCode == 0) {\r\n                context.$message.success('Save Successfully.');\r\n            }\r\n            else if(res.resCode == \""405230808\"") {\r\n               $model.ref(\""showUserModal\"").setData(true);\r\n               $model.ref(\""recordId\"").setData(data.result[0].id);\r\n            }\r\n            else{\r\n                context.$message.error('Submit Approval Failed:' + res.resMsg, 5)\r\n            }\r\n        })\r\n    }\r\n    else {\r\n        context.$message.error('Save Failed:' + data.resMsg, 5)\r\n    }\r\n}).catch(e=>{\r\n    // 失败消息\r\n    context.$message.error('Save Failed:' + e, 5)\r\n});\r\n""}}]",00000000000000000001,2019-09-02 07:04:14,00000000000000000001,2019-09-02 07:04:14,NULL,NULL,false,00000000000000000001,003L000000i2tTJW3zeK,true,0
003h000000T8HkrK28Q8,button_0_click,003g000000QicDRRp4Oe,"[{""type"":""$core.execJSCode"",""options"":{""content"":""$model.ref(\""Detail\"").setData({});\r\n\r\n// 展示新增按钮\r\n$model.ref(\""hideSaveNewBtn\"").setData(false);\r\n\r\n// 判断是否显示审批提交按钮\r\ncontext.$object(\""Detail\"").then(objectMeta =>{\r\n    if(objectMeta && objectMeta.aprovalProcesses &&  objectMeta.aprovalProcesses.length > 0) {\r\n        $model.ref(\""hideApprovalBtn\"").setData(false);\r\n    }\r\n    else {\r\n        $model.ref(\""hideApprovalBtn\"").setData(true);\r\n    }\r\n    \r\n    // 显示新增弹框\r\n    $model.ref(\""showModal\"").setData(true);\r\n});""}}]",00000000000000000001,2019-09-02 07:04:14,00000000000000000001,2019-09-02 07:04:14,NULL,NULL,false,00000000000000000001,003L000000i2tTJW3zeK,true,0
003h000000T8HkrK28Q9,modal_1_on-ok,003g000000QicDRRp4Oe,"[{""type"":""$core.execJSCode"",""options"":{""content"":"" context.$approval($model.ref(\""recordId\"").getData(),$model.ref(\""approvalUser\"").getData()).then(res=>{\r\n    if(res.resCode == 0) {\r\n        context.$message.success('Save Successfully.');\r\n    }\r\n    else if(res.resCode == \""405230808\"") {\r\n        $model.ref(\""showUserModal\"").setData(true);\r\n    }\r\n    else{\r\n        context.$message.error('Submit Approval Failed:' + res.resMsg, 5)\r\n    }\r\n})""}}]",00000000000000000001,2019-09-02 07:04:14,00000000000000000001,2019-09-02 07:04:14,NULL,NULL,false,00000000000000000001,003L000000i2tTJW3zeK,true,0
003h000000T8HkrK28QA,button_22_click,003g000000QicDRRp4Oe,"[{""type"":""$core.execJSCode"",""options"":{""content"":""// 当前组件\r\nlet table = context.$page.getComponentByName(\""Records\"");\r\n\r\n$model.ref(\""Detail\"").save().then(data=>{\r\n    // 成功消息\r\n    if(data.resCode == 0){\r\n        context.$message.success('Save Successfully.');\r\n        table.doQuery();\r\n        // 关闭弹框\r\n        $model.ref(\""showModal\"").setData(false);\r\n    }\r\n    else {\r\n        context.$message.error('Save Failed:' + data.resMsg, 5)\r\n    }\r\n}).catch(e=>{\r\n    // 失败消息\r\n    context.$message.error('Save Failed:' + e, 5)\r\n});""}}]",00000000000000000001,2019-09-02 07:04:14,00000000000000000001,2019-09-02 07:04:14,NULL,NULL,false,00000000000000000001,003L000000i2tTJW3zeK,true,0
003h000000T8HkrK28QB,modal_0_on-ok,003g000000QicDRRp4Oe,"[{""type"":""$core.execJSCode"",""options"":{""content"":""// 当前组件\r\nlet table = context.$page.getComponentByName(\""Records\"");\r\n\r\n// 根据组件名称获取组件\r\nlet form = this.$component.get(\""Detail\"");\r\n\r\n// 获取组件的绑定模型，调用save action保存数据\r\nform.getDataModel().save().then(data=>{\r\n    // 成功消息\r\n    if(data.resCode == 0){\r\n        context.$message.success('Save Successfully.');\r\n        // 刷新表格\r\n        table.doQuery();\r\n    }\r\n    else {\r\n        context.$message.error('Save Failed:' + data.resMsg, 5)\r\n    }\r\n}).catch(e=>{\r\n    // 失败消息\r\n    context.$message.error('Save Failed:' + e, 5)\r\n});\r\n\r\n""}}]",00000000000000000001,2019-09-02 07:04:14,00000000000000000001,2019-09-02 07:04:14,NULL,NULL,false,00000000000000000001,003L000000i2tTJW3zeK,true,0
003h000000T8HkrK28QC,button_16_click,003g000000QicDRRp4Oe,"[{""type"":""$core.execJSCode"",""options"":{""content"":""// 当前组件\r\nlet _component = context.getCurrentComponent()\r\n\r\n// 当前Form\r\nlet  _form = _component.getForm()\r\n\r\n_form.resetFields()\r\n""}}]",00000000000000000001,2019-09-02 07:04:14,00000000000000000001,2019-09-02 07:04:14,NULL,NULL,false,00000000000000000001,003L000000i2tTJW3zeK,true,0
