{
    "name": "$hm_bigScreen__HMSystemManagement_a",
    "namespace": "hm_bigScreen",
    "managed": false,
    "service": "",
    "serviceVersionNumber": "",
    "versionName": "$hm_bigScreen__HMSystemManagement_a-0.1.0",
    "versionNumber": "0.1.0",
    "isBaseline": false,
    "type": "full",
    "coreType": "8-8-0",
    "logo": "",
    "ownerName": "huamao",
    "createBy": "",
    "createdDate": "2021-04-15 10:54:03",
    "company": "",
    "copyright": "",
    "description": "华贸系统管理",
    "dependency": null,
    "isAddon": true,
    "base": "SystemManagement-20.3.20210203160216",
    "preInstallHandler": "",
    "postInstallHandler": "",
    "platformVersion": "1.2.13",
    "engineVersion": "0.9",
    "isEncrypted": false,
    "email": "",
    "link": ""
}