"{""ObjectName"":""hm_bigScreen__hm_cm_getPortalUserId"",""Version"":""1.0"",""TimeZone"":""GMT"",""Pattern"":""""}"
id,name,content,active,jscode,methodName,version,label,description,catalogue,sourceMap,createdBy,createdDate,lastModifiedBy,lastModifiedDate,systemModifiedDate,deletedDate,isDeleted,owner,installedPackage,custom,protectMode
string,string,clob,bool,clob,string,string,string,string,string,clob,string,date,string,date,date,date,bool,string,string,bool,numeric
001a000000iwvLhM5euu,hm_bigScreen__hm_cm_getPortalUserId,"import { sql } from 'db';
import { throwError } from 'context';
import { Logger } from './ca_cm__logger';

export class Input {
    @action.param({ type: 'String', required: true })
    identityId: string;
}

export class Output {
    @action.param({ type: 'String' })
    portalUserId: string;
}

@useObject(['portaluser'])
export class GetPortalUserId {
    @action.method({ input: 'Input', output: 'Output', label: 'get PortalUserId Method' })
    getPortalUserId(input: Input): Output {
        const identityId = input.identityId;
        const logger = new Logger();
        const portalUserResult = sql().exec('select id from portaluser where partyId = ?', {
            params: [identityId]
        });

        if (portalUserResult.length == 0) {
            logger.error('Get portal user failed', 'No portal user found by identityId', { identityId }, 'Check inputs');

            // 该用户不存在
            throwError('CM-001000');
        }

        return {
            portalUserId: portalUserResult[0]['id']
        };
    }
}",true,"""use strict"";
var __decorate = (this && this.__decorate) || function (decorators, target, key, desc) {
    var c = arguments.length, r = c < 3 ? target : desc === null ? desc = Object.getOwnPropertyDescriptor(target, key) : desc, d;
    if (typeof Reflect === ""object"" && typeof Reflect.decorate === ""function"") r = Reflect.decorate(decorators, target, key, desc);
    else for (var i = decorators.length - 1; i >= 0; i--) if (d = decorators[i]) r = (c < 3 ? d(r) : c > 3 ? d(target, key, r) : d(target, key)) || r;
    return c > 3 && r && Object.defineProperty(target, key, r), r;
};
Object.defineProperty(exports, ""__esModule"", { value: true });
var db_1 = require(""db"");
var context_1 = require(""context"");
var ca_cm__logger_1 = require(""./ca_cm__logger"");
var Input = /** @class */ (function () {
    function Input() {
    }
    __decorate([
        action.param({ type: 'String', required: true })
    ], Input.prototype, ""identityId"", void 0);
    return Input;
}());
exports.Input = Input;
var Output = /** @class */ (function () {
    function Output() {
    }
    __decorate([
        action.param({ type: 'String' })
    ], Output.prototype, ""portalUserId"", void 0);
    return Output;
}());
exports.Output = Output;
var GetPortalUserId = /** @class */ (function () {
    function GetPortalUserId() {
    }
    GetPortalUserId.prototype.getPortalUserId = function (input) {
        var identityId = input.identityId;
        var logger = new ca_cm__logger_1.Logger();
        var portalUserResult = db_1.sql().exec('select id from portaluser where partyId = ?', {
            params: [identityId]
        });
        if (portalUserResult.length == 0) {
            logger.error('Get portal user failed', 'No portal user found by identityId', { identityId: identityId }, 'Check inputs');
            // 该用户不存在
            context_1.throwError('CM-001000');
        }
        return {
            portalUserId: portalUserResult[0]['id']
        };
    };
    __decorate([
        action.method({ input: 'Input', output: 'Output', label: 'get PortalUserId Method' })
    ], GetPortalUserId.prototype, ""getPortalUserId"", null);
    GetPortalUserId = __decorate([
        useObject(['portaluser'])
    ], GetPortalUserId);
    return GetPortalUserId;
}());
exports.GetPortalUserId = GetPortalUserId;
//# sourceMappingURL=module.js.map",GetPortalUserId.getPortalUserId,1.0.1,NULL,,NULL,"{""version"":3,""file"":""module.js"",""sourceRoot"":"""",""sources"":[""module.ts""],""names"":[],""mappings"":"";;;;;;;;AAAA,yBAAyB;AACzB,mCAAqC;AACrC,iDAAyC;AAEzC;IAAA;IAGA,CAAC;IADG;QADC,MAAM,CAAC,KAAK,CAAC,EAAE,IAAI,EAAE,QAAQ,EAAE,QAAQ,EAAE,IAAI,EAAE,CAAC;6CAC9B;IACvB,YAAC;CAAA,AAHD,IAGC;AAHY,sBAAK;AAKlB;IAAA;IAGA,CAAC;IADG;QADC,MAAM,CAAC,KAAK,CAAC,EAAE,IAAI,EAAE,QAAQ,EAAE,CAAC;gDACZ;IACzB,aAAC;CAAA,AAHD,IAGC;AAHY,wBAAM;AAMnB;IAAA;IAoBA,CAAC;IAlBG,yCAAe,GAAf,UAAgB,KAAY;QACxB,IAAM,UAAU,GAAG,KAAK,CAAC,UAAU,CAAC;QACpC,IAAM,MAAM,GAAG,IAAI,sBAAM,EAAE,CAAC;QAC5B,IAAM,gBAAgB,GAAG,QAAG,EAAE,CAAC,IAAI,CAAC,6CAA6C,EAAE;YAC/E,MAAM,EAAE,CAAC,UAAU,CAAC;SACvB,CAAC,CAAC;QAEH,IAAI,gBAAgB,CAAC,MAAM,IAAI,CAAC,EAAE;YAC9B,MAAM,CAAC,KAAK,CAAC,wBAAwB,EAAE,oCAAoC,EAAE,EAAE,UAAU,YAAA,EAAE,EAAE,cAAc,CAAC,CAAC;YAE7G,SAAS;YACT,oBAAU,CAAC,WAAW,CAAC,CAAC;SAC3B;QAED,OAAO;YACH,YAAY,EAAE,gBAAgB,CAAC,CAAC,CAAC,CAAC,IAAI,CAAC;SAC1C,CAAC;IACN,CAAC;IAjBD;QADC,MAAM,CAAC,MAAM,CAAC,EAAE,KAAK,EAAE,OAAO,EAAE,MAAM,EAAE,QAAQ,EAAE,KAAK,EAAE,yBAAyB,EAAE,CAAC;0DAkBrF;IAnBQ,eAAe;QAD3B,SAAS,CAAC,CAAC,YAAY,CAAC,CAAC;OACb,eAAe,CAoB3B;IAAD,sBAAC;CAAA,AApBD,IAoBC;AApBY,0CAAe""}",10gd000000hdy26HBtdw,2021-04-15 03:11:49,10gd000000hdy26HBtdw,2021-04-15 03:16:24,NULL,NULL,false,10gd000000hdy26HBtdw,NULL,true,0
