"{""ObjectName"":""hm_bigScreen__hmrecordLogingLog"",""Version"":""1.0"",""TimeZone"":""GMT"",""Pattern"":""""}"
id,name,content,active,jscode,methodName,version,label,description,catalogue,sourceMap,createdBy,createdDate,lastModifiedBy,lastModifiedDate,systemModifiedDate,deletedDate,isDeleted,owner,installedPackage,custom,protectMode
string,string,clob,bool,clob,string,string,string,string,string,clob,string,date,string,date,date,date,bool,string,string,bool,numeric
001a000000iwvPhiosEq,hm_bigScreen__hmrecordLogingLog,"import * as db from 'db';
import * as context from 'context';
import orm from './ca_cm__ormByCondition';
import validator from './ca_cm__validator';
import { Logger } from './ca_cm__logger';

export class Input {
    @action.param({ type: 'String', required: true, max: 20, description: 'The identity ID.' })
    identityId: string;

    @action.param({ type: 'String', max: 64, label: 'Login Name', description: 'Login name is used to access loginAccount, it can be email, phone number or account ID.' })
    loginName: string;

    @action.param({ type: 'String', required: true, max: 20, label: 'login or logout', description: 'log type, singleSelect login or logout' })
    logType: string;

    @action.param({ type: 'String', max: 64, label: 'login status', description: 'the result or status of login or logout,such as,successfully or failure' })
    status: string;

    @action.param({ type: 'String', label: 'loginAccountType', description: 'login Account Type' })
    loginAccountType?: string;
}

@useObject(['CA_CM_IdentityLoginLog', 'CA_CM_IdentityLoginAudit', 'CA_CM_LoginAccountTypeDefinition', 'CA_CM_LoginAccount'])
export class RecordLoginLog {
    @action.method({ input: 'Input', output: 'Output', label: 'RecordLoginLog Method', description: 'Used after login' })
    recordLoginLog(input: Input): void {
        const logType = input.logType;
        const token = context.getToken();
        const clientIP = context.getClient().split(':')[0];
        const userId = context.getUserId();
        const logger = new Logger();
        validator.validateParams(input);
        validator.validatePickList({ Type: input.logType }, 'CA_CM_IdentityLoginLog');

        // 登录时候账号和类型从入参中取，登出时候根据token从在线会话中取
        let identityLoginAuditId = '';
        let loginName = input.loginName;
        let loginAccountTypeId = '';
        let loginTime = new Date();
        if (logType === 'Login') {
            if (input.loginAccountType) {
                loginAccountTypeId = orm.queryDetail('CA_CM_LoginAccountTypeDefinition', { name: input.loginAccountType }, ['name']).results[0].id;
            } else {
                loginAccountTypeId = orm.queryDetail('CA_CM_LoginAccount', { Identity: input.identityId }, ['Identity']).results[0].LoginAccountType;
            }
        } else {
            if (context.getUserType() == context.UserType.User) { //平台用户不允许调用此接口，仅供业务用户使用
                logger.error('Call forbidden', 'Platform user is not allowed to call this interface', { userId }, 'Check the current user');
                context.throwError('ca_cm__Forbidden');
            }
            const loginLogAudits = orm.queryByCondition('CA_CM_IdentityLoginAudit', { Identity: input.identityId }, ['Identity']).results;

            for (const loginLogAudit of loginLogAudits) {
                if (loginLogAudit.AccessToken === token) {
                    loginName = loginLogAudit.LoginAccount;
                    loginAccountTypeId = loginLogAudit.LoginAccountType;
                    loginTime = loginLogAudit.LoginTime;
                    identityLoginAuditId = loginLogAudit.id;
                }
            }
        }

        if (loginAccountTypeId) {
            db.object('CA_CM_IdentityLoginLog').insert({
                Identity: input.identityId,
                LoginAccountType: loginAccountTypeId,
                LoginAccount: loginName,
                Type: logType,
                LoginTime: loginTime,
                IP: clientIP,
                Status: input.status || 'Success'
            });
        }

        // 操作当前在线会话表，登录时新增，登出时删除
        if (logType === 'Login') {
            db.object('CA_CM_IdentityLoginAudit').insert({
                Identity: input.identityId,
                LoginAccount: loginName,
                LoginAccountType: loginAccountTypeId,
                LoginTime: new Date(),
                IP: clientIP,
                AccessToken: token,
                PortalUser: userId
            });
        } else if (identityLoginAuditId) {
            orm.deleteByCondition('CA_CM_IdentityLoginAudit', { id: identityLoginAuditId }, ['id']);
        }
    }
}",true,"""use strict"";
var __decorate = (this && this.__decorate) || function (decorators, target, key, desc) {
    var c = arguments.length, r = c < 3 ? target : desc === null ? desc = Object.getOwnPropertyDescriptor(target, key) : desc, d;
    if (typeof Reflect === ""object"" && typeof Reflect.decorate === ""function"") r = Reflect.decorate(decorators, target, key, desc);
    else for (var i = decorators.length - 1; i >= 0; i--) if (d = decorators[i]) r = (c < 3 ? d(r) : c > 3 ? d(target, key, r) : d(target, key)) || r;
    return c > 3 && r && Object.defineProperty(target, key, r), r;
};
Object.defineProperty(exports, ""__esModule"", { value: true });
var db = require(""db"");
var context = require(""context"");
var ca_cm__ormByCondition_1 = require(""./ca_cm__ormByCondition"");
var ca_cm__validator_1 = require(""./ca_cm__validator"");
var ca_cm__logger_1 = require(""./ca_cm__logger"");
var Input = /** @class */ (function () {
    function Input() {
    }
    __decorate([
        action.param({ type: 'String', required: true, max: 20, description: 'The identity ID.' })
    ], Input.prototype, ""identityId"", void 0);
    __decorate([
        action.param({ type: 'String', max: 64, label: 'Login Name', description: 'Login name is used to access loginAccount, it can be email, phone number or account ID.' })
    ], Input.prototype, ""loginName"", void 0);
    __decorate([
        action.param({ type: 'String', required: true, max: 20, label: 'login or logout', description: 'log type, singleSelect login or logout' })
    ], Input.prototype, ""logType"", void 0);
    __decorate([
        action.param({ type: 'String', max: 64, label: 'login status', description: 'the result or status of login or logout,such as,successfully or failure' })
    ], Input.prototype, ""status"", void 0);
    __decorate([
        action.param({ type: 'String', label: 'loginAccountType', description: 'login Account Type' })
    ], Input.prototype, ""loginAccountType"", void 0);
    return Input;
}());
exports.Input = Input;
var RecordLoginLog = /** @class */ (function () {
    function RecordLoginLog() {
    }
    RecordLoginLog.prototype.recordLoginLog = function (input) {
        var logType = input.logType;
        var token = context.getToken();
        var clientIP = context.getClient().split(':')[0];
        var userId = context.getUserId();
        var logger = new ca_cm__logger_1.Logger();
        ca_cm__validator_1.default.validateParams(input);
        ca_cm__validator_1.default.validatePickList({ Type: input.logType }, 'CA_CM_IdentityLoginLog');
        // 登录时候账号和类型从入参中取，登出时候根据token从在线会话中取
        var identityLoginAuditId = '';
        var loginName = input.loginName;
        var loginAccountTypeId = '';
        var loginTime = new Date();
        if (logType === 'Login') {
            if (input.loginAccountType) {
                loginAccountTypeId = ca_cm__ormByCondition_1.default.queryDetail('CA_CM_LoginAccountTypeDefinition', { name: input.loginAccountType }, ['name']).results[0].id;
            }
            else {
                loginAccountTypeId = ca_cm__ormByCondition_1.default.queryDetail('CA_CM_LoginAccount', { Identity: input.identityId }, ['Identity']).results[0].LoginAccountType;
            }
        }
        else {
            if (context.getUserType() == context.UserType.User) { //平台用户不允许调用此接口，仅供业务用户使用
                logger.error('Call forbidden', 'Platform user is not allowed to call this interface', { userId: userId }, 'Check the current user');
                context.throwError('ca_cm__Forbidden');
            }
            var loginLogAudits = ca_cm__ormByCondition_1.default.queryByCondition('CA_CM_IdentityLoginAudit', { Identity: input.identityId }, ['Identity']).results;
            for (var _i = 0, loginLogAudits_1 = loginLogAudits; _i < loginLogAudits_1.length; _i++) {
                var loginLogAudit = loginLogAudits_1[_i];
                if (loginLogAudit.AccessToken === token) {
                    loginName = loginLogAudit.LoginAccount;
                    loginAccountTypeId = loginLogAudit.LoginAccountType;
                    loginTime = loginLogAudit.LoginTime;
                    identityLoginAuditId = loginLogAudit.id;
                }
            }
        }
        if (loginAccountTypeId) {
            db.object('CA_CM_IdentityLoginLog').insert({
                Identity: input.identityId,
                LoginAccountType: loginAccountTypeId,
                LoginAccount: loginName,
                Type: logType,
                LoginTime: loginTime,
                IP: clientIP,
                Status: input.status || 'Success'
            });
        }
        // 操作当前在线会话表，登录时新增，登出时删除
        if (logType === 'Login') {
            db.object('CA_CM_IdentityLoginAudit').insert({
                Identity: input.identityId,
                LoginAccount: loginName,
                LoginAccountType: loginAccountTypeId,
                LoginTime: new Date(),
                IP: clientIP,
                AccessToken: token,
                PortalUser: userId
            });
        }
        else if (identityLoginAuditId) {
            ca_cm__ormByCondition_1.default.deleteByCondition('CA_CM_IdentityLoginAudit', { id: identityLoginAuditId }, ['id']);
        }
    };
    __decorate([
        action.method({ input: 'Input', output: 'Output', label: 'RecordLoginLog Method', description: 'Used after login' })
    ], RecordLoginLog.prototype, ""recordLoginLog"", null);
    RecordLoginLog = __decorate([
        useObject(['CA_CM_IdentityLoginLog', 'CA_CM_IdentityLoginAudit', 'CA_CM_LoginAccountTypeDefinition', 'CA_CM_LoginAccount'])
    ], RecordLoginLog);
    return RecordLoginLog;
}());
exports.RecordLoginLog = RecordLoginLog;
//# sourceMappingURL=module.js.map",RecordLoginLog.recordLoginLog,1.0.1,NULL,,NULL,"{""version"":3,""file"":""module.js"",""sourceRoot"":"""",""sources"":[""module.ts""],""names"":[],""mappings"":"";;;;;;;;AAAA,uBAAyB;AACzB,iCAAmC;AACnC,iEAA0C;AAC1C,uDAA2C;AAC3C,iDAAyC;AAEzC;IAAA;IAeA,CAAC;IAbG;QADC,MAAM,CAAC,KAAK,CAAC,EAAE,IAAI,EAAE,QAAQ,EAAE,QAAQ,EAAE,IAAI,EAAE,GAAG,EAAE,EAAE,EAAE,WAAW,EAAE,kBAAkB,EAAE,CAAC;6CACxE;IAGnB;QADC,MAAM,CAAC,KAAK,CAAC,EAAE,IAAI,EAAE,QAAQ,EAAE,GAAG,EAAE,EAAE,EAAE,KAAK,EAAE,YAAY,EAAE,WAAW,EAAE,yFAAyF,EAAE,CAAC;4CACrJ;IAGlB;QADC,MAAM,CAAC,KAAK,CAAC,EAAE,IAAI,EAAE,QAAQ,EAAE,QAAQ,EAAE,IAAI,EAAE,GAAG,EAAE,EAAE,EAAE,KAAK,EAAE,iBAAiB,EAAE,WAAW,EAAE,wCAAwC,EAAE,CAAC;0CAC3H;IAGhB;QADC,MAAM,CAAC,KAAK,CAAC,EAAE,IAAI,EAAE,QAAQ,EAAE,GAAG,EAAE,EAAE,EAAE,KAAK,EAAE,cAAc,EAAE,WAAW,EAAE,yEAAyE,EAAE,CAAC;yCAC1I;IAGf;QADC,MAAM,CAAC,KAAK,CAAC,EAAE,IAAI,EAAE,QAAQ,EAAE,KAAK,EAAE,kBAAkB,EAAE,WAAW,EAAE,oBAAoB,EAAE,CAAC;mDACrE;IAC9B,YAAC;CAAA,AAfD,IAeC;AAfY,sBAAK;AAkBlB;IAAA;IAkEA,CAAC;IAhEG,uCAAc,GAAd,UAAe,KAAY;QACvB,IAAM,OAAO,GAAG,KAAK,CAAC,OAAO,CAAC;QAC9B,IAAM,KAAK,GAAG,OAAO,CAAC,QAAQ,EAAE,CAAC;QACjC,IAAM,QAAQ,GAAG,OAAO,CAAC,SAAS,EAAE,CAAC,KAAK,CAAC,GAAG,CAAC,CAAC,CAAC,CAAC,CAAC;QACnD,IAAM,MAAM,GAAG,OAAO,CAAC,SAAS,EAAE,CAAC;QACnC,IAAM,MAAM,GAAG,IAAI,sBAAM,EAAE,CAAC;QAC5B,0BAAS,CAAC,cAAc,CAAC,KAAK,CAAC,CAAC;QAChC,0BAAS,CAAC,gBAAgB,CAAC,EAAE,IAAI,EAAE,KAAK,CAAC,OAAO,EAAE,EAAE,wBAAwB,CAAC,CAAC;QAE9E,oCAAoC;QACpC,IAAI,oBAAoB,GAAG,EAAE,CAAC;QAC9B,IAAI,SAAS,GAAG,KAAK,CAAC,SAAS,CAAC;QAChC,IAAI,kBAAkB,GAAG,EAAE,CAAC;QAC5B,IAAI,SAAS,GAAG,IAAI,IAAI,EAAE,CAAC;QAC3B,IAAI,OAAO,KAAK,OAAO,EAAE;YACrB,IAAI,KAAK,CAAC,gBAAgB,EAAE;gBACxB,kBAAkB,GAAG,+BAAG,CAAC,WAAW,CAAC,kCAAkC,EAAE,EAAE,IAAI,EAAE,KAAK,CAAC,gBAAgB,EAAE,EAAE,CAAC,MAAM,CAAC,CAAC,CAAC,OAAO,CAAC,CAAC,CAAC,CAAC,EAAE,CAAC;aACtI;iBAAM;gBACH,kBAAkB,GAAG,+BAAG,CAAC,WAAW,CAAC,oBAAoB,EAAE,EAAE,QAAQ,EAAE,KAAK,CAAC,UAAU,EAAE,EAAE,CAAC,UAAU,CAAC,CAAC,CAAC,OAAO,CAAC,CAAC,CAAC,CAAC,gBAAgB,CAAC;aACxI;SACJ;aAAM;YACH,IAAI,OAAO,CAAC,WAAW,EAAE,IAAI,OAAO,CAAC,QAAQ,CAAC,IAAI,EAAE,EAAE,uBAAuB;gBACzE,MAAM,CAAC,KAAK,CAAC,gBAAgB,EAAE,qDAAqD,EAAE,EAAE,MAAM,QAAA,EAAE,EAAE,wBAAwB,CAAC,CAAC;gBAC5H,OAAO,CAAC,UAAU,CAAC,kBAAkB,CAAC,CAAC;aAC1C;YACD,IAAM,cAAc,GAAG,+BAAG,CAAC,gBAAgB,CAAC,0BAA0B,EAAE,EAAE,QAAQ,EAAE,KAAK,CAAC,UAAU,EAAE,EAAE,CAAC,UAAU,CAAC,CAAC,CAAC,OAAO,CAAC;YAE9H,KAA4B,UAAc,EAAd,iCAAc,EAAd,4BAAc,EAAd,IAAc,EAAE;gBAAvC,IAAM,aAAa,uBAAA;gBACpB,IAAI,aAAa,CAAC,WAAW,KAAK,KAAK,EAAE;oBACrC,SAAS,GAAG,aAAa,CAAC,YAAY,CAAC;oBACvC,kBAAkB,GAAG,aAAa,CAAC,gBAAgB,CAAC;oBACpD,SAAS,GAAG,aAAa,CAAC,SAAS,CAAC;oBACpC,oBAAoB,GAAG,aAAa,CAAC,EAAE,CAAC;iBAC3C;aACJ;SACJ;QAED,IAAI,kBAAkB,EAAE;YACpB,EAAE,CAAC,MAAM,CAAC,wBAAwB,CAAC,CAAC,MAAM,CAAC;gBACvC,QAAQ,EAAE,KAAK,CAAC,UAAU;gBAC1B,gBAAgB,EAAE,kBAAkB;gBACpC,YAAY,EAAE,SAAS;gBACvB,IAAI,EAAE,OAAO;gBACb,SAAS,EAAE,SAAS;gBACpB,EAAE,EAAE,QAAQ;gBACZ,MAAM,EAAE,KAAK,CAAC,MAAM,IAAI,SAAS;aACpC,CAAC,CAAC;SACN;QAED,wBAAwB;QACxB,IAAI,OAAO,KAAK,OAAO,EAAE;YACrB,EAAE,CAAC,MAAM,CAAC,0BAA0B,CAAC,CAAC,MAAM,CAAC;gBACzC,QAAQ,EAAE,KAAK,CAAC,UAAU;gBAC1B,YAAY,EAAE,SAAS;gBACvB,gBAAgB,EAAE,kBAAkB;gBACpC,SAAS,EAAE,IAAI,IAAI,EAAE;gBACrB,EAAE,EAAE,QAAQ;gBACZ,WAAW,EAAE,KAAK;gBAClB,UAAU,EAAE,MAAM;aACrB,CAAC,CAAC;SACN;aAAM,IAAI,oBAAoB,EAAE;YAC7B,+BAAG,CAAC,iBAAiB,CAAC,0BAA0B,EAAE,EAAE,EAAE,EAAE,oBAAoB,EAAE,EAAE,CAAC,IAAI,CAAC,CAAC,CAAC;SAC3F;IACL,CAAC;IA/DD;QADC,MAAM,CAAC,MAAM,CAAC,EAAE,KAAK,EAAE,OAAO,EAAE,MAAM,EAAE,QAAQ,EAAE,KAAK,EAAE,uBAAuB,EAAE,WAAW,EAAE,kBAAkB,EAAE,CAAC;wDAgEpH;IAjEQ,cAAc;QAD1B,SAAS,CAAC,CAAC,wBAAwB,EAAE,0BAA0B,EAAE,kCAAkC,EAAE,oBAAoB,CAAC,CAAC;OAC/G,cAAc,CAkE1B;IAAD,qBAAC;CAAA,AAlED,IAkEC;AAlEY,wCAAc""}",10gd000000hdy26HBtdw,2021-04-15 03:12:43,10gd000000hdy26HBtdw,2021-04-15 03:16:12,NULL,NULL,false,10gd000000hdy26HBtdw,NULL,true,0
