"{""ObjectName"":""hm_bigScreen__testApi"",""Version"":""1.0"",""TimeZone"":""GMT"",""Pattern"":""""}"
id,name,content,active,jscode,methodName,version,label,description,catalogue,sourceMap,createdBy,createdDate,lastModifiedBy,lastModifiedDate,systemModifiedDate,deletedDate,isDeleted,owner,installedPackage,custom,protectMode
string,string,clob,bool,clob,string,string,string,string,string,clob,string,date,string,date,date,date,bool,string,string,bool,numeric
001a000000j3joJPMCYK,hm_bigScreen__testApi,"/*
 * Copyright (c) Huawei Technologies Co., Ltd. 2012-2019. All rights reserved.
 * 
 */

import { Decimal } from 'decimal';
import { Error } from 'error';
import * as date from 'date'
import * as db from 'db'
import * as sys from 'sys'
import * as http from 'http'
import * as context from 'context'
import { Logger } from './Common_logger';

export class Input {

}

export class Output {

}

export class Calculator {

    @action.method({ input: ""Input"", output: ""Output"", description: ""do a operation"" })
    run(input: Input): Output {
        let output = new Output();

        const tokenRequest = {
            data: {
                grant_type: 'authorization_code',
                code: ""credential"",
                client_id: ""clientId"",
                client_secret: ""clientSecret"",
                redirect_uri: ""redirectUrl""
            },
            headers: {
                'Content-Type': 'application/json'
            }
        };

        let client = http.newClient();

        // let tokenResp = client.post(""http://39.106.63.189/"" + 'accesstoken/', tokenRequest);
        // accesstoke
        let tokenResp = client.post(""http://39.106.63.189/accesstoke/?grant_type=authorization_code&code=0000000000c9Kx3qtwsT&client_id=client_id&client_secret=client_secret&redirect_uri=https%3A%2F%2Fstudio.e.huawei.com%2Fmagno%2Frender%2FSmartCampus__SystemManagement_0000000000c9Kx3qtwsT%2FLogin"");
        console.log('tokenResp:' + tokenResp)
        let tokenBody = tokenResp.body;
        let accessToken = tokenBody.access_token;
        console.log('accessToken:' + accessToken)

        // getToken
        tokenResp = client.post(""http://39.106.63.189/getToken/?client_id=clientId&grant_type=authorization_code&code=credential&client_secret=clientSecret"");
        console.log('tokenResp:' + tokenResp)
        tokenBody = tokenResp.body;
        accessToken = tokenBody.access_token;
        console.log('accessToken:' + accessToken)

        // // userinfo
        // let userPath = ""http://39.106.63.189/"" + 'userinfo?access_token=' + ""7b104e1c985711ebacc500163e0c940f"" + '&scope=' + ""scope"" + '&client_id=' + ""clientId"";
        // let userResp = client.post(userPath);
        // console.log('userResp:' + userResp)
        // let userBody = userResp.body;
        // let user = userBody.uid;
        // console.log('user.uid:' + user)

        // // userinfo
        // userPath = ""http://39.106.63.189/getUserInfo?access_token=accessToken&scope=scope&client_id=123"";
        // userResp = client.post(userPath);
        // console.log('userResp:' + userResp)
        // userBody = userResp.body;
        // let field = ""loginName"";
        // user = userBody[field];
        // console.log('user.loginName:' + user)

        // // output = tokenBody
        // return output;
    }

}",true,"""use strict"";
/*
 * Copyright (c) Huawei Technologies Co., Ltd. 2012-2019. All rights reserved.
 *
 */
var __decorate = (this && this.__decorate) || function (decorators, target, key, desc) {
    var c = arguments.length, r = c < 3 ? target : desc === null ? desc = Object.getOwnPropertyDescriptor(target, key) : desc, d;
    if (typeof Reflect === ""object"" && typeof Reflect.decorate === ""function"") r = Reflect.decorate(decorators, target, key, desc);
    else for (var i = decorators.length - 1; i >= 0; i--) if (d = decorators[i]) r = (c < 3 ? d(r) : c > 3 ? d(target, key, r) : d(target, key)) || r;
    return c > 3 && r && Object.defineProperty(target, key, r), r;
};
Object.defineProperty(exports, ""__esModule"", { value: true });
var http = require(""http"");
var Input = /** @class */ (function () {
    function Input() {
    }
    return Input;
}());
exports.Input = Input;
var Output = /** @class */ (function () {
    function Output() {
    }
    return Output;
}());
exports.Output = Output;
var Calculator = /** @class */ (function () {
    function Calculator() {
    }
    Calculator.prototype.run = function (input) {
        var output = new Output();
        var tokenRequest = {
            data: {
                grant_type: 'authorization_code',
                code: ""credential"",
                client_id: ""clientId"",
                client_secret: ""clientSecret"",
                redirect_uri: ""redirectUrl""
            },
            headers: {
                'Content-Type': 'application/json'
            }
        };
        var client = http.newClient();
        // let tokenResp = client.post(""http://39.106.63.189/"" + 'accesstoken/', tokenRequest);
        // accesstoke
        var tokenResp = client.post(""http://39.106.63.189/accesstoke/?grant_type=authorization_code&code=0000000000c9Kx3qtwsT&client_id=client_id&client_secret=client_secret&redirect_uri=https%3A%2F%2Fstudio.e.huawei.com%2Fmagno%2Frender%2FSmartCampus__SystemManagement_0000000000c9Kx3qtwsT%2FLogin"");
        console.log('tokenResp:' + tokenResp);
        var tokenBody = tokenResp.body;
        var accessToken = tokenBody.access_token;
        console.log('accessToken:' + accessToken);
        // getToken
        tokenResp = client.post(""http://39.106.63.189/getToken/?client_id=clientId&grant_type=authorization_code&code=credential&client_secret=clientSecret"");
        console.log('tokenResp:' + tokenResp);
        tokenBody = tokenResp.body;
        accessToken = tokenBody.access_token;
        console.log('accessToken:' + accessToken);
        // // userinfo
        // let userPath = ""http://39.106.63.189/"" + 'userinfo?access_token=' + ""7b104e1c985711ebacc500163e0c940f"" + '&scope=' + ""scope"" + '&client_id=' + ""clientId"";
        // let userResp = client.post(userPath);
        // console.log('userResp:' + userResp)
        // let userBody = userResp.body;
        // let user = userBody.uid;
        // console.log('user.uid:' + user)
        // // userinfo
        // userPath = ""http://39.106.63.189/getUserInfo?access_token=accessToken&scope=scope&client_id=123"";
        // userResp = client.post(userPath);
        // console.log('userResp:' + userResp)
        // userBody = userResp.body;
        // let field = ""loginName"";
        // user = userBody[field];
        // console.log('user.loginName:' + user)
        // // output = tokenBody
        // return output;
    };
    __decorate([
        action.method({ input: ""Input"", output: ""Output"", description: ""do a operation"" })
    ], Calculator.prototype, ""run"", null);
    return Calculator;
}());
exports.Calculator = Calculator;
//# sourceMappingURL=module.js.map",Calculator.run,1.0.1,NULL,,NULL,"{""version"":3,""file"":""module.js"",""sourceRoot"":"""",""sources"":[""module.ts""],""names"":[],""mappings"":"";AAAA;;;GAGG;;;;;;;;AAOH,2BAA4B;AAI5B;IAAA;IAEA,CAAC;IAAD,YAAC;AAAD,CAAC,AAFD,IAEC;AAFY,sBAAK;AAIlB;IAAA;IAEA,CAAC;IAAD,aAAC;AAAD,CAAC,AAFD,IAEC;AAFY,wBAAM;AAInB;IAAA;IAyDA,CAAC;IAtDG,wBAAG,GAAH,UAAI,KAAY;QACZ,IAAI,MAAM,GAAG,IAAI,MAAM,EAAE,CAAC;QAE1B,IAAM,YAAY,GAAG;YACjB,IAAI,EAAE;gBACF,UAAU,EAAE,oBAAoB;gBAChC,IAAI,EAAE,YAAY;gBAClB,SAAS,EAAE,UAAU;gBACrB,aAAa,EAAE,cAAc;gBAC7B,YAAY,EAAE,aAAa;aAC9B;YACD,OAAO,EAAE;gBACL,cAAc,EAAE,kBAAkB;aACrC;SACJ,CAAC;QAEF,IAAI,MAAM,GAAG,IAAI,CAAC,SAAS,EAAE,CAAC;QAE9B,uFAAuF;QACvF,aAAa;QACb,IAAI,SAAS,GAAG,MAAM,CAAC,IAAI,CAAC,uQAAuQ,CAAC,CAAC;QACrS,OAAO,CAAC,GAAG,CAAC,YAAY,GAAG,SAAS,CAAC,CAAA;QACrC,IAAI,SAAS,GAAG,SAAS,CAAC,IAAI,CAAC;QAC/B,IAAI,WAAW,GAAG,SAAS,CAAC,YAAY,CAAC;QACzC,OAAO,CAAC,GAAG,CAAC,cAAc,GAAG,WAAW,CAAC,CAAA;QAEzC,WAAW;QACX,SAAS,GAAG,MAAM,CAAC,IAAI,CAAC,4HAA4H,CAAC,CAAC;QACtJ,OAAO,CAAC,GAAG,CAAC,YAAY,GAAG,SAAS,CAAC,CAAA;QACrC,SAAS,GAAG,SAAS,CAAC,IAAI,CAAC;QAC3B,WAAW,GAAG,SAAS,CAAC,YAAY,CAAC;QACrC,OAAO,CAAC,GAAG,CAAC,cAAc,GAAG,WAAW,CAAC,CAAA;QAEzC,cAAc;QACd,6JAA6J;QAC7J,wCAAwC;QACxC,sCAAsC;QACtC,gCAAgC;QAChC,2BAA2B;QAC3B,kCAAkC;QAElC,cAAc;QACd,oGAAoG;QACpG,oCAAoC;QACpC,sCAAsC;QACtC,4BAA4B;QAC5B,2BAA2B;QAC3B,0BAA0B;QAC1B,wCAAwC;QAExC,wBAAwB;QACxB,iBAAiB;IACrB,CAAC;IApDD;QADC,MAAM,CAAC,MAAM,CAAC,EAAE,KAAK,EAAE,OAAO,EAAE,MAAM,EAAE,QAAQ,EAAE,WAAW,EAAE,gBAAgB,EAAE,CAAC;yCAqDlF;IAEL,iBAAC;CAAA,AAzDD,IAyDC;AAzDY,gCAAU""}",10gd000000hdy26HBtdw,2021-04-19 05:43:35,10gd000000hdy26HBtdw,2021-04-21 02:33:40,NULL,NULL,false,10gd000000hdy26HBtdw,NULL,true,0
