"{""ObjectName"":""hm_bigScreen__hm_cm_checkMaximumLogin"",""Version"":""1.0"",""TimeZone"":""GMT"",""Pattern"":""""}"
id,name,content,active,jscode,methodName,version,label,description,catalogue,sourceMap,createdBy,createdDate,lastModifiedBy,lastModifiedDate,systemModifiedDate,deletedDate,isDeleted,owner,installedPackage,custom,protectMode
string,string,clob,bool,clob,string,string,string,string,string,clob,string,date,string,date,date,date,bool,string,string,bool,numeric
001a000000iwvG33wkme,hm_bigScreen__hm_cm_checkMaximumLogin,"import * as db from 'db';
import * as sys from 'sys';
import { getClient } from 'context';
import { CreateLog } from './ca_cm__identitySendLogEvent';
import orm from './ca_cm__ormByCondition';
import { Logger } from './ca_cm__logger';

export class Input {
    @action.param({ type: 'String', label: 'identityId' })
    identityId: string;
}

export class Output {
    @action.param({ type: 'String[]', label: 'tokens' })
    tokens: string[];
}

@useObject(['CA_CM_IdentityLoginLog', 'CA_CM_IdentityLoginAudit'])
export class CheckMaximumLogin {
    @action.method({ input: 'Input', output: 'Output', label: 'check Maximum Login' })
    run(input: Input): Output {
        const createLog = new CreateLog();
        const logger = new Logger();
        const maximumOnlineNumber = Number(sys.getParameter('ca_cm__sameIdentityMaximumOnlineNumber'));
        logger.info('Get system parameter ca_cm__sameIdentityMaximumOnlineNumber successfully', '', { maximumOnlineNumber });

        // 如果系统参数小于等于0,则不限制登录账户数
        if (maximumOnlineNumber <= 0) {
            return {
                tokens: []
            };
        }

        const auditResults = orm.queryByCondition('CA_CM_IdentityLoginAudit', { Identity: input.identityId }, ['Identity']);
        const tokens = [];

        if (auditResults.total >= maximumOnlineNumber) {
            const loginAudits = auditResults.results;

            for (let i = maximumOnlineNumber - 1; i < loginAudits.length; i++) {
                db.object('CA_CM_IdentityLoginAudit').delete(auditResults.results[i].id);

                // 记录登出操作日志
                db.object('CA_CM_IdentityLoginLog').insert({
                    Identity: loginAudits[i].Identity,
                    LoginAccountType: loginAudits[i].LoginAccountType,
                    LoginAccount: loginAudits[i].LoginAccount,
                    Type: 'Logout',
                    LoginTime: new Date(),
                    IP: getClient(),
                    Status: 'Success'
                });

                // 记录园区日志
                createLog.run({
                    appName: '',
                    objectParam: {
                        identityId: loginAudits[i].Identity
                    },
                    functionName: 'ca_cm__checkMaximumLogin',
                    objectName: 'CA_CM_IdentityLoginAudit,CA_CM_IdentityLoginLog',
                    boName: 'CM_Identity',
                    operateType: 'logout',
                    message: 'More than the maximum number of online users with the same identity',
                    dataScope: ''
                });

                tokens.push(loginAudits[i].AccessToken);
            }
        }

        return { tokens };
    }
}
",true,"""use strict"";
var __decorate = (this && this.__decorate) || function (decorators, target, key, desc) {
    var c = arguments.length, r = c < 3 ? target : desc === null ? desc = Object.getOwnPropertyDescriptor(target, key) : desc, d;
    if (typeof Reflect === ""object"" && typeof Reflect.decorate === ""function"") r = Reflect.decorate(decorators, target, key, desc);
    else for (var i = decorators.length - 1; i >= 0; i--) if (d = decorators[i]) r = (c < 3 ? d(r) : c > 3 ? d(target, key, r) : d(target, key)) || r;
    return c > 3 && r && Object.defineProperty(target, key, r), r;
};
Object.defineProperty(exports, ""__esModule"", { value: true });
var db = require(""db"");
var sys = require(""sys"");
var context_1 = require(""context"");
var ca_cm__identitySendLogEvent_1 = require(""./ca_cm__identitySendLogEvent"");
var ca_cm__ormByCondition_1 = require(""./ca_cm__ormByCondition"");
var ca_cm__logger_1 = require(""./ca_cm__logger"");
var Input = /** @class */ (function () {
    function Input() {
    }
    __decorate([
        action.param({ type: 'String', label: 'identityId' })
    ], Input.prototype, ""identityId"", void 0);
    return Input;
}());
exports.Input = Input;
var Output = /** @class */ (function () {
    function Output() {
    }
    __decorate([
        action.param({ type: 'String[]', label: 'tokens' })
    ], Output.prototype, ""tokens"", void 0);
    return Output;
}());
exports.Output = Output;
var CheckMaximumLogin = /** @class */ (function () {
    function CheckMaximumLogin() {
    }
    CheckMaximumLogin.prototype.run = function (input) {
        var createLog = new ca_cm__identitySendLogEvent_1.CreateLog();
        var logger = new ca_cm__logger_1.Logger();
        var maximumOnlineNumber = Number(sys.getParameter('ca_cm__sameIdentityMaximumOnlineNumber'));
        logger.info('Get system parameter ca_cm__sameIdentityMaximumOnlineNumber successfully', '', { maximumOnlineNumber: maximumOnlineNumber });
        // 如果系统参数小于等于0,则不限制登录账户数
        if (maximumOnlineNumber <= 0) {
            return {
                tokens: []
            };
        }
        var auditResults = ca_cm__ormByCondition_1.default.queryByCondition('CA_CM_IdentityLoginAudit', { Identity: input.identityId }, ['Identity']);
        var tokens = [];
        if (auditResults.total >= maximumOnlineNumber) {
            var loginAudits = auditResults.results;
            for (var i = maximumOnlineNumber - 1; i < loginAudits.length; i++) {
                db.object('CA_CM_IdentityLoginAudit').delete(auditResults.results[i].id);
                // 记录登出操作日志
                db.object('CA_CM_IdentityLoginLog').insert({
                    Identity: loginAudits[i].Identity,
                    LoginAccountType: loginAudits[i].LoginAccountType,
                    LoginAccount: loginAudits[i].LoginAccount,
                    Type: 'Logout',
                    LoginTime: new Date(),
                    IP: context_1.getClient(),
                    Status: 'Success'
                });
                // 记录园区日志
                createLog.run({
                    appName: '',
                    objectParam: {
                        identityId: loginAudits[i].Identity
                    },
                    functionName: 'ca_cm__checkMaximumLogin',
                    objectName: 'CA_CM_IdentityLoginAudit,CA_CM_IdentityLoginLog',
                    boName: 'CM_Identity',
                    operateType: 'logout',
                    message: 'More than the maximum number of online users with the same identity',
                    dataScope: ''
                });
                tokens.push(loginAudits[i].AccessToken);
            }
        }
        return { tokens: tokens };
    };
    __decorate([
        action.method({ input: 'Input', output: 'Output', label: 'check Maximum Login' })
    ], CheckMaximumLogin.prototype, ""run"", null);
    CheckMaximumLogin = __decorate([
        useObject(['CA_CM_IdentityLoginLog', 'CA_CM_IdentityLoginAudit'])
    ], CheckMaximumLogin);
    return CheckMaximumLogin;
}());
exports.CheckMaximumLogin = CheckMaximumLogin;
//# sourceMappingURL=module.js.map",CheckMaximumLogin.run,1.0.1,NULL,,NULL,"{""version"":3,""file"":""module.js"",""sourceRoot"":"""",""sources"":[""module.ts""],""names"":[],""mappings"":"";;;;;;;;AAAA,uBAAyB;AACzB,yBAA2B;AAC3B,mCAAoC;AACpC,6EAA0D;AAC1D,iEAA0C;AAC1C,iDAAyC;AAEzC;IAAA;IAGA,CAAC;IADG;QADC,MAAM,CAAC,KAAK,CAAC,EAAE,IAAI,EAAE,QAAQ,EAAE,KAAK,EAAE,YAAY,EAAE,CAAC;6CACnC;IACvB,YAAC;CAAA,AAHD,IAGC;AAHY,sBAAK;AAKlB;IAAA;IAGA,CAAC;IADG;QADC,MAAM,CAAC,KAAK,CAAC,EAAE,IAAI,EAAE,UAAU,EAAE,KAAK,EAAE,QAAQ,EAAE,CAAC;0CACnC;IACrB,aAAC;CAAA,AAHD,IAGC;AAHY,wBAAM;AAMnB;IAAA;IAuDA,CAAC;IArDG,+BAAG,GAAH,UAAI,KAAY;QACZ,IAAM,SAAS,GAAG,IAAI,uCAAS,EAAE,CAAC;QAClC,IAAM,MAAM,GAAG,IAAI,sBAAM,EAAE,CAAC;QAC5B,IAAM,mBAAmB,GAAG,MAAM,CAAC,GAAG,CAAC,YAAY,CAAC,wCAAwC,CAAC,CAAC,CAAC;QAC/F,MAAM,CAAC,IAAI,CAAC,0EAA0E,EAAE,EAAE,EAAE,EAAE,mBAAmB,qBAAA,EAAE,CAAC,CAAC;QAErH,wBAAwB;QACxB,IAAI,mBAAmB,IAAI,CAAC,EAAE;YAC1B,OAAO;gBACH,MAAM,EAAE,EAAE;aACb,CAAC;SACL;QAED,IAAM,YAAY,GAAG,+BAAG,CAAC,gBAAgB,CAAC,0BAA0B,EAAE,EAAE,QAAQ,EAAE,KAAK,CAAC,UAAU,EAAE,EAAE,CAAC,UAAU,CAAC,CAAC,CAAC;QACpH,IAAM,MAAM,GAAG,EAAE,CAAC;QAElB,IAAI,YAAY,CAAC,KAAK,IAAI,mBAAmB,EAAE;YAC3C,IAAM,WAAW,GAAG,YAAY,CAAC,OAAO,CAAC;YAEzC,KAAK,IAAI,CAAC,GAAG,mBAAmB,GAAG,CAAC,EAAE,CAAC,GAAG,WAAW,CAAC,MAAM,EAAE,CAAC,EAAE,EAAE;gBAC/D,EAAE,CAAC,MAAM,CAAC,0BAA0B,CAAC,CAAC,MAAM,CAAC,YAAY,CAAC,OAAO,CAAC,CAAC,CAAC,CAAC,EAAE,CAAC,CAAC;gBAEzE,WAAW;gBACX,EAAE,CAAC,MAAM,CAAC,wBAAwB,CAAC,CAAC,MAAM,CAAC;oBACvC,QAAQ,EAAE,WAAW,CAAC,CAAC,CAAC,CAAC,QAAQ;oBACjC,gBAAgB,EAAE,WAAW,CAAC,CAAC,CAAC,CAAC,gBAAgB;oBACjD,YAAY,EAAE,WAAW,CAAC,CAAC,CAAC,CAAC,YAAY;oBACzC,IAAI,EAAE,QAAQ;oBACd,SAAS,EAAE,IAAI,IAAI,EAAE;oBACrB,EAAE,EAAE,mBAAS,EAAE;oBACf,MAAM,EAAE,SAAS;iBACpB,CAAC,CAAC;gBAEH,SAAS;gBACT,SAAS,CAAC,GAAG,CAAC;oBACV,OAAO,EAAE,EAAE;oBACX,WAAW,EAAE;wBACT,UAAU,EAAE,WAAW,CAAC,CAAC,CAAC,CAAC,QAAQ;qBACtC;oBACD,YAAY,EAAE,0BAA0B;oBACxC,UAAU,EAAE,iDAAiD;oBAC7D,MAAM,EAAE,aAAa;oBACrB,WAAW,EAAE,QAAQ;oBACrB,OAAO,EAAE,qEAAqE;oBAC9E,SAAS,EAAE,EAAE;iBAChB,CAAC,CAAC;gBAEH,MAAM,CAAC,IAAI,CAAC,WAAW,CAAC,CAAC,CAAC,CAAC,WAAW,CAAC,CAAC;aAC3C;SACJ;QAED,OAAO,EAAE,MAAM,QAAA,EAAE,CAAC;IACtB,CAAC;IApDD;QADC,MAAM,CAAC,MAAM,CAAC,EAAE,KAAK,EAAE,OAAO,EAAE,MAAM,EAAE,QAAQ,EAAE,KAAK,EAAE,qBAAqB,EAAE,CAAC;gDAqDjF;IAtDQ,iBAAiB;QAD7B,SAAS,CAAC,CAAC,wBAAwB,EAAE,0BAA0B,CAAC,CAAC;OACrD,iBAAiB,CAuD7B;IAAD,wBAAC;CAAA,AAvDD,IAuDC;AAvDY,8CAAiB""}",10gd000000hdy26HBtdw,2021-04-15 03:10:32,10gd000000hdy26HBtdw,2021-04-15 03:16:26,NULL,NULL,false,10gd000000hdy26HBtdw,NULL,true,0
