"{""ObjectName"":""hm_bigScreen__hmauthorValidator"",""Version"":""1.0"",""TimeZone"":""GMT"",""Pattern"":""""}"
id,name,content,active,jscode,methodName,version,label,description,catalogue,sourceMap,createdBy,createdDate,lastModifiedBy,lastModifiedDate,systemModifiedDate,deletedDate,isDeleted,owner,installedPackage,custom,protectMode
string,string,clob,bool,clob,string,string,string,string,string,clob,string,date,string,date,date,date,bool,string,string,bool,numeric
001a000000iwuhOibCMa,hm_bigScreen__hmauthorValidator,"// Here's your code.
import * as http from 'http'
import * as decimal from 'decimal'
import * as context from 'context'
import * as date from 'date'
import * as db from 'db'
import * as sys from 'sys';

//入参定义
@action.object({ type: 'params' })
export class ParamsInput {
    @action.param({ type: 'string', isCollection: false, label: 'code', required: true, description: ""IAM返回code值"" })
    userToken: string;

    @action.param({ type: 'string', isCollection: false, label: 'code', required: true, description: ""IAM返回code值"" })
    uid: string;

    @action.param({ type: 'string', isCollection: false, label: 'accountType', required: false, description: ""登录账号类型"" })
    accountType: string;

    @action.param({ type: 'string', isCollection: false, label: 'isAgreePrivacyStatement', required: false, description: ""隐私声明"" })
    isAgreePrivacyStatement: string;
}

//出参定义
@action.object({ type: 'params' })
export class ParamsOutput {
    @action.param({ type: 'Struct', isCollection: false, label: 'Object', required: true, description: ""符合查询条件的日志信息列表。如果未查询到符合条件的数据，返回空数组"" })
    user: object;
}

@action.object({ type: 'method' })
export class authorValidator {
    @action.method({ input: 'ParamsInput', output: 'ParamsOutput' })
    public authorValidator(input: ParamsInput, output: ParamsOutput) {
        let out = new ParamsOutput();
        let user = {};

        let credential = """";
        let userToken = input.userToken;
        let uid = input.uid;
        // let clientId = sys.getParameter(""IAM_ClientId"");
        // let clientSecret = sys.getParameter(""IAM_ClientSecret"");
        let baseUrl = sys.getParameter(""SG_BaseUrl"");

        //test
        // baseUrl = ""http://39.106.63.189/"";

        // let idField = ""loginName"";
        // let setting = {
        //     ""clientId"": clientId, ""clientSecret"": clientSecret,
        //     ""baseUrl"": baseUrl, ""idField"": idField
        // };
        console.log(""guoyuhang-input:"", input)

        //基线对接W3 Uniportal Demo，供参考
        // let client = http.newClient();
        //1、获取token
        // const tokenRequest = {
        //     data: {
        //         grant_type: 'authorization_code',
        //         code: input.code,
        //         client_id: setting.clientId,
        //         client_secret: setting.clientSecret
        //         //redirect_uri: setting.redirectUrl
        //     },
        //     headers: {
        //         'Content-Type': 'application/json'
        //     }
        // };

        // let request = setting.baseUrl + 'getToken/?' + 'client_id=' + setting.clientId + '&grant_type=authorization_code&code=' + credential + '&client_secret=' + setting.clientSecret;
        // console.log(""tokenRequest:"", request);
        // const tokenResp = client.post(request);

        // console.log(""tokenResp:"", tokenResp);
        // let tokenBody = JSON.parse(tokenResp.body);
        // let accessToken = tokenBody.access_token;
        // console.log(""accessToken:"", accessToken);

        //test
        // let tokenBody = tokenResp.body;
        // let accessToken = tokenBody.access_token;
        // console.log('accessToken:' + accessToken)


        //2、获取用户信息
        let client = http.newClient();
        let params = {
            ""accessToken"": input.userToken,
            ""uid"": input.uid
        }
        let request = {
            data: params,
            headers: {
                ""Content-Type"": ""application/json""
            }
        };
        console.log('guoyuhang-request:' + JSON.stringify(request))

        let userPath = baseUrl + '/sso/checkToken';
        console.log(""userPath:"", userPath);
        const userResp = client.post(userPath, request);
        // const userResp = client.post(userPath);
        let userBody = userResp.body;
        console.log('guoyuhang-userbody:' + JSON.stringify(userBody))
        let returnCode = userBody.returnCode;
        console.log(""guoyuhang-returnCode:"", returnCode);

        //test
        // user['userName'] = 'guoyuhang';
        // console.log(""guoyuhang-user:"", user);
        // out[""user""] = user;
        // return out;

        if (userBody.returnCode == '1003') {
            context.throwError('SmartCampus__LoginValidateError');
            return;
        } else {
            user['id'] = userBody.data['uid'];
            user['uid'] = userBody.data['uid'];
            user['phoneNumber'] = userBody.data['phoneNumber'];
            user['userStatus'] = userBody.data['userStatus'];
            user['nickName'] = userBody.data['nickName'];
            user['sex'] = userBody.data['sex'];
            user['userType'] = userBody.data['userType'];
            user['userName'] = ""huamao"" + userBody.data['userName'];
            user['delFlag'] = userBody.data['delFlag'];
            user['email'] = userBody.data['email'];
        }

        console.log(""guoyuhang-user:"", user);
        out[""user""] = user;
        return out;
    }
}",true,"""use strict"";
var __decorate = (this && this.__decorate) || function (decorators, target, key, desc) {
    var c = arguments.length, r = c < 3 ? target : desc === null ? desc = Object.getOwnPropertyDescriptor(target, key) : desc, d;
    if (typeof Reflect === ""object"" && typeof Reflect.decorate === ""function"") r = Reflect.decorate(decorators, target, key, desc);
    else for (var i = decorators.length - 1; i >= 0; i--) if (d = decorators[i]) r = (c < 3 ? d(r) : c > 3 ? d(target, key, r) : d(target, key)) || r;
    return c > 3 && r && Object.defineProperty(target, key, r), r;
};
Object.defineProperty(exports, ""__esModule"", { value: true });
exports.authorValidator = exports.ParamsOutput = exports.ParamsInput = void 0;
// Here's your code.
var http = require(""http"");
var context = require(""context"");
var sys = require(""sys"");
//入参定义
var ParamsInput = /** @class */ (function () {
    function ParamsInput() {
    }
    __decorate([
        action.param({ type: 'string', isCollection: false, label: 'code', required: true, description: ""IAM返回code值"" })
    ], ParamsInput.prototype, ""userToken"", void 0);
    __decorate([
        action.param({ type: 'string', isCollection: false, label: 'code', required: true, description: ""IAM返回code值"" })
    ], ParamsInput.prototype, ""uid"", void 0);
    __decorate([
        action.param({ type: 'string', isCollection: false, label: 'accountType', required: false, description: ""登录账号类型"" })
    ], ParamsInput.prototype, ""accountType"", void 0);
    __decorate([
        action.param({ type: 'string', isCollection: false, label: 'isAgreePrivacyStatement', required: false, description: ""隐私声明"" })
    ], ParamsInput.prototype, ""isAgreePrivacyStatement"", void 0);
    ParamsInput = __decorate([
        action.object({ type: 'params' })
    ], ParamsInput);
    return ParamsInput;
}());
exports.ParamsInput = ParamsInput;
//出参定义
var ParamsOutput = /** @class */ (function () {
    function ParamsOutput() {
    }
    __decorate([
        action.param({ type: 'Struct', isCollection: false, label: 'Object', required: true, description: ""符合查询条件的日志信息列表。如果未查询到符合条件的数据，返回空数组"" })
    ], ParamsOutput.prototype, ""user"", void 0);
    ParamsOutput = __decorate([
        action.object({ type: 'params' })
    ], ParamsOutput);
    return ParamsOutput;
}());
exports.ParamsOutput = ParamsOutput;
var authorValidator = /** @class */ (function () {
    function authorValidator() {
    }
    authorValidator.prototype.authorValidator = function (input, output) {
        var out = new ParamsOutput();
        var user = {};
        var credential = """";
        var userToken = input.userToken;
        var uid = input.uid;
        // let clientId = sys.getParameter(""IAM_ClientId"");
        // let clientSecret = sys.getParameter(""IAM_ClientSecret"");
        var baseUrl = sys.getParameter(""SG_BaseUrl"");
        //test
        // baseUrl = ""http://39.106.63.189/"";
        // let idField = ""loginName"";
        // let setting = {
        //     ""clientId"": clientId, ""clientSecret"": clientSecret,
        //     ""baseUrl"": baseUrl, ""idField"": idField
        // };
        console.log(""guoyuhang-input:"", input);
        //基线对接W3 Uniportal Demo，供参考
        // let client = http.newClient();
        //1、获取token
        // const tokenRequest = {
        //     data: {
        //         grant_type: 'authorization_code',
        //         code: input.code,
        //         client_id: setting.clientId,
        //         client_secret: setting.clientSecret
        //         //redirect_uri: setting.redirectUrl
        //     },
        //     headers: {
        //         'Content-Type': 'application/json'
        //     }
        // };
        // let request = setting.baseUrl + 'getToken/?' + 'client_id=' + setting.clientId + '&grant_type=authorization_code&code=' + credential + '&client_secret=' + setting.clientSecret;
        // console.log(""tokenRequest:"", request);
        // const tokenResp = client.post(request);
        // console.log(""tokenResp:"", tokenResp);
        // let tokenBody = JSON.parse(tokenResp.body);
        // let accessToken = tokenBody.access_token;
        // console.log(""accessToken:"", accessToken);
        //test
        // let tokenBody = tokenResp.body;
        // let accessToken = tokenBody.access_token;
        // console.log('accessToken:' + accessToken)
        //2、获取用户信息
        var client = http.newClient();
        var params = {
            ""accessToken"": input.userToken,
            ""uid"": input.uid
        };
        var request = {
            data: params,
            headers: {
                ""Content-Type"": ""application/json""
            }
        };
        console.log('guoyuhang-request:' + JSON.stringify(request));
        var userPath = baseUrl + '/sso/checkToken';
        console.log(""userPath:"", userPath);
        var userResp = client.post(userPath, request);
        // const userResp = client.post(userPath);
        var userBody = userResp.body;
        console.log('guoyuhang-userbody:' + JSON.stringify(userBody));
        var returnCode = userBody.returnCode;
        console.log(""guoyuhang-returnCode:"", returnCode);
        //test
        // user['userName'] = 'guoyuhang';
        // console.log(""guoyuhang-user:"", user);
        // out[""user""] = user;
        // return out;
        if (userBody.returnCode == '1003') {
            context.throwError('SmartCampus__LoginValidateError');
            return;
        }
        else {
            user['id'] = userBody.data['uid'];
            user['uid'] = userBody.data['uid'];
            user['phoneNumber'] = userBody.data['phoneNumber'];
            user['userStatus'] = userBody.data['userStatus'];
            user['nickName'] = userBody.data['nickName'];
            user['sex'] = userBody.data['sex'];
            user['userType'] = userBody.data['userType'];
            user['userName'] = ""huamao"" + userBody.data['userName'];
            user['delFlag'] = userBody.data['delFlag'];
            user['email'] = userBody.data['email'];
        }
        console.log(""guoyuhang-user:"", user);
        out[""user""] = user;
        return out;
    };
    __decorate([
        action.method({ input: 'ParamsInput', output: 'ParamsOutput' })
    ], authorValidator.prototype, ""authorValidator"", null);
    authorValidator = __decorate([
        action.object({ type: 'method' })
    ], authorValidator);
    return authorValidator;
}());
exports.authorValidator = authorValidator;
//# sourceMappingURL=module.js.map",authorValidator.authorValidator,1.0.1,NULL,获取用户信息,NULL,"{""version"":3,""file"":""module.js"",""sourceRoot"":"""",""sources"":[""module.ts""],""names"":[],""mappings"":"";;;;;;;;;AAAA,oBAAoB;AACpB,2BAA4B;AAE5B,iCAAkC;AAGlC,yBAA2B;AAE3B,MAAM;AAEN;IAAA;IAYA,CAAC;IAVG;QADC,MAAM,CAAC,KAAK,CAAC,EAAE,IAAI,EAAE,QAAQ,EAAE,YAAY,EAAE,KAAK,EAAE,KAAK,EAAE,MAAM,EAAE,QAAQ,EAAE,IAAI,EAAE,WAAW,EAAE,YAAY,EAAE,CAAC;kDAC9F;IAGlB;QADC,MAAM,CAAC,KAAK,CAAC,EAAE,IAAI,EAAE,QAAQ,EAAE,YAAY,EAAE,KAAK,EAAE,KAAK,EAAE,MAAM,EAAE,QAAQ,EAAE,IAAI,EAAE,WAAW,EAAE,YAAY,EAAE,CAAC;4CACpG;IAGZ;QADC,MAAM,CAAC,KAAK,CAAC,EAAE,IAAI,EAAE,QAAQ,EAAE,YAAY,EAAE,KAAK,EAAE,KAAK,EAAE,aAAa,EAAE,QAAQ,EAAE,KAAK,EAAE,WAAW,EAAE,QAAQ,EAAE,CAAC;oDAChG;IAGpB;QADC,MAAM,CAAC,KAAK,CAAC,EAAE,IAAI,EAAE,QAAQ,EAAE,YAAY,EAAE,KAAK,EAAE,KAAK,EAAE,yBAAyB,EAAE,QAAQ,EAAE,KAAK,EAAE,WAAW,EAAE,MAAM,EAAE,CAAC;gEAC9F;IAXvB,WAAW;QADvB,MAAM,CAAC,MAAM,CAAC,EAAE,IAAI,EAAE,QAAQ,EAAE,CAAC;OACrB,WAAW,CAYvB;IAAD,kBAAC;CAAA,AAZD,IAYC;AAZY,kCAAW;AAcxB,MAAM;AAEN;IAAA;IAGA,CAAC;IADG;QADC,MAAM,CAAC,KAAK,CAAC,EAAE,IAAI,EAAE,QAAQ,EAAE,YAAY,EAAE,KAAK,EAAE,KAAK,EAAE,QAAQ,EAAE,QAAQ,EAAE,IAAI,EAAE,WAAW,EAAE,mCAAmC,EAAE,CAAC;8CAC5H;IAFJ,YAAY;QADxB,MAAM,CAAC,MAAM,CAAC,EAAE,IAAI,EAAE,QAAQ,EAAE,CAAC;OACrB,YAAY,CAGxB;IAAD,mBAAC;CAAA,AAHD,IAGC;AAHY,oCAAY;AAMzB;IAAA;IAuGA,CAAC;IArGU,yCAAe,GAAtB,UAAuB,KAAkB,EAAE,MAAoB;QAC3D,IAAI,GAAG,GAAG,IAAI,YAAY,EAAE,CAAC;QAC7B,IAAI,IAAI,GAAG,EAAE,CAAC;QAEd,IAAI,UAAU,GAAG,EAAE,CAAC;QACpB,IAAI,SAAS,GAAG,KAAK,CAAC,SAAS,CAAC;QAChC,IAAI,GAAG,GAAG,KAAK,CAAC,GAAG,CAAC;QACpB,mDAAmD;QACnD,2DAA2D;QAC3D,IAAI,OAAO,GAAG,GAAG,CAAC,YAAY,CAAC,YAAY,CAAC,CAAC;QAE7C,MAAM;QACN,qCAAqC;QAErC,6BAA6B;QAC7B,kBAAkB;QAClB,0DAA0D;QAC1D,6CAA6C;QAC7C,KAAK;QACL,OAAO,CAAC,GAAG,CAAC,kBAAkB,EAAE,KAAK,CAAC,CAAA;QAEtC,2BAA2B;QAC3B,iCAAiC;QACjC,WAAW;QACX,yBAAyB;QACzB,cAAc;QACd,4CAA4C;QAC5C,4BAA4B;QAC5B,uCAAuC;QACvC,8CAA8C;QAC9C,8CAA8C;QAC9C,SAAS;QACT,iBAAiB;QACjB,6CAA6C;QAC7C,QAAQ;QACR,KAAK;QAEL,mLAAmL;QACnL,yCAAyC;QACzC,0CAA0C;QAE1C,wCAAwC;QACxC,8CAA8C;QAC9C,4CAA4C;QAC5C,4CAA4C;QAE5C,MAAM;QACN,kCAAkC;QAClC,4CAA4C;QAC5C,4CAA4C;QAG5C,UAAU;QACV,IAAI,MAAM,GAAG,IAAI,CAAC,SAAS,EAAE,CAAC;QAC9B,IAAI,MAAM,GAAG;YACT,aAAa,EAAE,KAAK,CAAC,SAAS;YAC9B,KAAK,EAAE,KAAK,CAAC,GAAG;SACnB,CAAA;QACD,IAAI,OAAO,GAAG;YACV,IAAI,EAAE,MAAM;YACZ,OAAO,EAAE;gBACL,cAAc,EAAE,kBAAkB;aACrC;SACJ,CAAC;QACF,OAAO,CAAC,GAAG,CAAC,oBAAoB,GAAG,IAAI,CAAC,SAAS,CAAC,OAAO,CAAC,CAAC,CAAA;QAE3D,IAAI,QAAQ,GAAG,OAAO,GAAG,iBAAiB,CAAC;QAC3C,OAAO,CAAC,GAAG,CAAC,WAAW,EAAE,QAAQ,CAAC,CAAC;QACnC,IAAM,QAAQ,GAAG,MAAM,CAAC,IAAI,CAAC,QAAQ,EAAE,OAAO,CAAC,CAAC;QAChD,0CAA0C;QAC1C,IAAI,QAAQ,GAAG,QAAQ,CAAC,IAAI,CAAC;QAC7B,OAAO,CAAC,GAAG,CAAC,qBAAqB,GAAG,IAAI,CAAC,SAAS,CAAC,QAAQ,CAAC,CAAC,CAAA;QAC7D,IAAI,UAAU,GAAG,QAAQ,CAAC,UAAU,CAAC;QACrC,OAAO,CAAC,GAAG,CAAC,uBAAuB,EAAE,UAAU,CAAC,CAAC;QAEjD,MAAM;QACN,kCAAkC;QAClC,wCAAwC;QACxC,sBAAsB;QACtB,cAAc;QAEd,IAAI,QAAQ,CAAC,UAAU,IAAI,MAAM,EAAE;YAC/B,OAAO,CAAC,UAAU,CAAC,iCAAiC,CAAC,CAAC;YACtD,OAAO;SACV;aAAM;YACH,IAAI,CAAC,IAAI,CAAC,GAAG,QAAQ,CAAC,IAAI,CAAC,KAAK,CAAC,CAAC;YAClC,IAAI,CAAC,KAAK,CAAC,GAAG,QAAQ,CAAC,IAAI,CAAC,KAAK,CAAC,CAAC;YACnC,IAAI,CAAC,aAAa,CAAC,GAAG,QAAQ,CAAC,IAAI,CAAC,aAAa,CAAC,CAAC;YACnD,IAAI,CAAC,YAAY,CAAC,GAAG,QAAQ,CAAC,IAAI,CAAC,YAAY,CAAC,CAAC;YACjD,IAAI,CAAC,UAAU,CAAC,GAAG,QAAQ,CAAC,IAAI,CAAC,UAAU,CAAC,CAAC;YAC7C,IAAI,CAAC,KAAK,CAAC,GAAG,QAAQ,CAAC,IAAI,CAAC,KAAK,CAAC,CAAC;YACnC,IAAI,CAAC,UAAU,CAAC,GAAG,QAAQ,CAAC,IAAI,CAAC,UAAU,CAAC,CAAC;YAC7C,IAAI,CAAC,UAAU,CAAC,GAAG,QAAQ,GAAG,QAAQ,CAAC,IAAI,CAAC,UAAU,CAAC,CAAC;YACxD,IAAI,CAAC,SAAS,CAAC,GAAG,QAAQ,CAAC,IAAI,CAAC,SAAS,CAAC,CAAC;YAC3C,IAAI,CAAC,OAAO,CAAC,GAAG,QAAQ,CAAC,IAAI,CAAC,OAAO,CAAC,CAAC;SAC1C;QAED,OAAO,CAAC,GAAG,CAAC,iBAAiB,EAAE,IAAI,CAAC,CAAC;QACrC,GAAG,CAAC,MAAM,CAAC,GAAG,IAAI,CAAC;QACnB,OAAO,GAAG,CAAC;IACf,CAAC;IApGD;QADC,MAAM,CAAC,MAAM,CAAC,EAAE,KAAK,EAAE,aAAa,EAAE,MAAM,EAAE,cAAc,EAAE,CAAC;0DAqG/D;IAtGQ,eAAe;QAD3B,MAAM,CAAC,MAAM,CAAC,EAAE,IAAI,EAAE,QAAQ,EAAE,CAAC;OACrB,eAAe,CAuG3B;IAAD,sBAAC;CAAA,AAvGD,IAuGC;AAvGY,0CAAe""}",10gd000000hdy26HBtdw,2021-04-15 03:02:43,10gd000000hdy26HBtdw,2021-08-10 07:12:55,NULL,NULL,false,10gd000000hdy26HBtdw,NULL,true,0
