"{""ObjectName"":""PicklistValue"",""Version"":""1.0"",""TimeZone"":""GMT"",""Pattern"":""""}"
id,name,picklistId,isDefault,isActive,color,controlFieldValue,description,sequenceNo,label,createdBy,createdDate,lastModifiedBy,lastModifiedDate,systemModifiedDate,deletedDate,isDeleted,owner,installedPackage,custom,protectMode
string,string,string,bool,bool,string,string,string,numeric,string,string,date,string,date,date,date,bool,string,string,bool,numeric
0005000000QicPyeO0Qq,Maintenance,0004000000QicPydooAl,false,true,NULL,NULL,NULL,0,维修,00000000000000000001,2019-06-03 18:52:32,00000000000000000001,2019-09-20 03:37:53,NULL,NULL,false,00000000000000000001,003L000000i2tTJW3zeK,true,0
0005000000QicPyeO0Qr,Cleaning,0004000000QicPydooAl,false,true,NULL,NULL,NULL,0,保洁,00000000000000000001,2019-06-03 18:52:32,00000000000000000001,2019-09-20 03:38:09,NULL,NULL,false,00000000000000000001,003L000000i2tTJW3zeK,true,0
0005000000QicPyeO0Qs,Manager,0004000000QicPydooAl,false,true,NULL,NULL,NULL,0,经理,00000000000000000001,2019-06-03 18:52:32,00000000000000000001,2019-09-20 03:38:47,NULL,NULL,false,00000000000000000001,003L000000i2tTJW3zeK,true,0
0005000000QicPyeO0Qt,Security,0004000000QicPydooAl,false,true,NULL,NULL,NULL,0,保安,00000000000000000001,2019-06-03 18:52:32,00000000000000000001,2019-09-20 03:38:29,NULL,NULL,false,00000000000000000001,003L000000i2tTJW3zeK,true,0
0005000000QicYvPg8kS,ENABLED,0004000000QicYvP6wUN,false,true,NULL,NULL,NULL,0,ENABLED,00000000000000000001,2019-06-03 18:54:33,00000000000000000001,2019-06-03 18:54:33,NULL,NULL,false,00000000000000000001,003L000000i2tTJW3zeK,true,0
0005000000QicYvPg8kT,DISABLED,0004000000QicYvP6wUN,false,true,NULL,NULL,NULL,0,DISABLED,00000000000000000001,2019-06-03 18:54:33,00000000000000000001,2019-06-03 18:54:33,NULL,NULL,false,00000000000000000001,003L000000i2tTJW3zeK,true,0
0005000000R9kTzypQBc,DISABLED,0004000000R9kTzyGDvX,false,true,NULL,NULL,NULL,0,DISABLED,00000000000000000001,2019-06-20 03:10:45,00000000000000000001,2019-06-20 03:37:30,NULL,NULL,false,00000000000000000001,003L000000i2tTJW3zeK,true,0
0005000000R9kTzypQBd,ENABLE,0004000000R9kTzyGDvX,false,true,NULL,NULL,NULL,0,ENABLE,00000000000000000001,2019-06-20 03:10:45,00000000000000000001,2019-06-20 03:38:02,NULL,NULL,false,00000000000000000001,003L000000i2tTJW3zeK,true,0
