"{""ObjectName"":""Picklist"",""Version"":""1.0"",""TimeZone"":""GMT"",""Pattern"":""""}"
id,name,isSorted,isRestricted,controlField,masterLabel,description,isGlobal,createdBy,createdDate,lastModifiedBy,lastModifiedDate,systemModifiedDate,deletedDate,isDeleted,owner,installedPackage,custom,protectMode
string,string,bool,bool,string,string,string,bool,string,date,string,date,date,date,bool,string,string,bool,numeric
0004000000QicPydooAl,Picklist20190604025232,false,false,NULL,Anonymous of SmartCampus__Job__CST,,false,00000000000000000001,2019-06-03 18:52:32,00000000000000000001,2019-06-03 18:52:32,NULL,NULL,false,00000000000000000001,003L000000agSG9pp2Z6,true,1
0004000000QicYvP6wUN,Picklist20190604025433,false,false,NULL,Anonymous of SmartCampus__Status__CST,,false,00000000000000000001,2019-06-03 18:54:33,00000000000000000001,2019-06-03 18:54:33,NULL,NULL,false,00000000000000000001,003L000000agSG9pp2Z6,true,1
0004000000R9kTzyGDvX,Picklist20190620111045,false,false,NULL,Anonymous of SmartCampus__Status__CST,,false,00000000000000000001,2019-06-20 03:10:45,00000000000000000001,2019-06-20 03:10:45,NULL,NULL,false,00000000000000000001,003L000000gXs6SCoBuK,true,1
